{"type":"FeatureCollection","metadata":{"generated":1791218744000,"url":"https://earthquake.usgs.gov/earthquakes/feed/v1.0/summary/all_day.geojson","title":"USGS All Earthquakes, Past Day","status":200,"api":"2.7.0","count":215},"features":[{"type":"Feature","properties":{"mag":2,"place":"20 km WSW of Susitna North, Alaska","time":1791218625744,"updated":1791218720684,"tz":null,"url":"https://earthquake.usgs.gov/earthquakes/eventpage/aka2026tsxnsm","detail":"https://earthquake.usgs.gov/earthquakes/feed/v1.0/detail/aka2026tsxnsm.geojson","felt":null,"cdi":null,"mmi":null,"alert":null,"status":"automatic","tsunami":0,"sig":62,"net":"ak","code":"a2026tsxnsm","ids":",aka2026tsxnsm,","sources":",ak,","types":",origin,phase-data,","nst":48,"dmin":0.5,"rms":0.8,"gap":41,"magType":"ml","type":"earthquake","title":"M 2.0 - 20 km WSW of Susitna North, Alaska"},"geometry":{"type":"Point","coordinates":[-150.221,62.097,27.7]},"id":"aka2026tsxnsm"},
{"type":"Feature","properties":{"mag":1.74,"place":"9 km NNE of Cabazon, CA","time":1791217778070,"updated":1791218457440,"tz":null,"url":"https://earthquake.usgs.gov/earthquakes/eventpage/ci41343615","detail":"https://earthquake.usgs.gov/earthquakes/feed/v1.0/detail/ci41343615.geojson","felt":null,"cdi":null,"mmi":null,"alert":null,"status":"automatic","tsunami":0,"sig":47,"net":"ci","code":"41343615","ids":",ci41343615,","sources":",ci,","types":",focal-mechanism,nearby-cities,origin,phase-data,scitech-link,","nst":82,"dmin":0.07543,"rms":0.17,"gap":29,"magType":"ml","type":"earthquake","title":"M 1.7 - 9 km NNE of Cabazon, CA"},"geometry":{"type":"Point","coordinates":[-116.740166666667,33.9846666666667,13.62]},"id":"ci41343615"},
{"type":"Feature","properties":{"mag":0.360000014,"place":"6 km E of Kapowsin, Washington","time":1791217185830,"updated":1791217306400,"tz":null,"url":"https://earthquake.usgs.gov/earthquakes/eventpage/uw714116161","detail":"https://earthquake.usgs.gov/earthquakes/feed/v1.0/detail/uw714116161.geojson","felt":null,"cdi":null,"mmi":null,"alert":null,"status":"automatic","tsunami":0,"sig":2,"net":"uw","code":"714116161","ids":",uw714116161,","sources":",uw,","types":",origin,phase-data,","nst":35,"dmin":0.03051,"rms":0.0799999982,"gap":64,"magType":"md","type":"earthquake","title":"M 0.4 - 6 km E of Kapowsin, Washington"},"geometry":{"type":"Point","coordinates":[-122.139831542969,46.9785003662109,12.8800001144409]},"id":"uw714116161"},
{"type":"Feature","properties":{"mag":1.29,"place":"9 km NNE of Cabazon, CA","time":1791217085570,"updated":1791217730460,"tz":null,"url":"https://earthquake.usgs.gov/earthquakes/eventpage/ci41343599","detail":"https://earthquake.usgs.gov/earthquakes/feed/v1.0/detail/ci41343599.geojson","felt":null,"cdi":null,"mmi":null,"alert":null,"status":"automatic","tsunami":0,"sig":26,"net":"ci","code":"41343599","ids":",ci41343599,","sources":",ci,","types":",focal-mechanism,nearby-cities,origin,phase-data,","nst":59,"dmin":0.07696,"rms":0.15,"gap":43,"magType":"ml","type":"earthquake","title":"M 1.3 - 9 km NNE of Cabazon, CA"},"geometry":{"type":"Point","coordinates":[-116.7395,33.983,13.43]},"id":"ci41343599"},
{"type":"Feature","properties":{"mag":0.3,"place":"63 km ENE of Pedro Bay, Alaska","time":1791216923124,"updated":1791216964082,"tz":null,"url":"https://earthquake.usgs.gov/earthquakes/eventpage/aka2026tswpdq","detail":"https://earthquake.usgs.gov/earthquakes/feed/v1.0/detail/aka2026tswpdq.geojson","felt":null,"cdi":null,"mmi":null,"alert":null,"status":"automatic","tsunami":0,"sig":1,"net":"ak","code":"a2026tswpdq","ids":",aka2026tswpdq,","sources":",ak,","types":",origin,phase-data,","nst":6,"dmin":0,"rms":0.2,"gap":99,"magType":"ml","type":"earthquake","title":"M 0.3 - 63 km ENE of Pedro Bay, Alaska"},"geometry":{"type":"Point","coordinates":[-153.065,60.014,5]},"id":"aka2026tswpdq"},
{"type":"Feature","properties":{"mag":1.4,"place":"20 km NW of Grapevine, CA","time":1791216753660,"updated":1791216962673,"tz":null,"url":"https://earthquake.usgs.gov/earthquakes/eventpage/ci41343591","detail":"https://earthquake.usgs.gov/earthquakes/feed/v1.0/detail/ci41343591.geojson","felt":null,"cdi":null,"mmi":null,"alert":null,"status":"automatic","tsunami":0,"sig":30,"net":"ci","code":"41343591","ids":",ci41343591,","sources":",ci,","types":",nearby-cities,origin,phase-data,scitech-link,","nst":39,"dmin":0.02165,"rms":0.28,"gap":69,"magType":"ml","type":"earthquake","title":"M 1.4 - 20 km NW of Grapevine, CA"},"geometry":{"type":"Point","coordinates":[-119.1095,35.0536666666667,9.46]},"id":"ci41343591"},
{"type":"Feature","properties":{"mag":2.9,"place":"45 km WNW of Beluga, Alaska","time":1791216650126,"updated":1791216929340,"tz":null,"url":"https://earthquake.usgs.gov/earthquakes/eventpage/aka2026tswjcq","detail":"https://earthquake.usgs.gov/earthquakes/feed/v1.0/detail/aka2026tswjcq.geojson","felt":null,"cdi":null,"mmi":null,"alert":null,"status":"automatic","tsunami":0,"sig":129,"net":"ak","code":"a2026tswjcq","ids":",aka2026tswjcq,","sources":",ak,","types":",origin,phase-data,","nst":115,"dmin":0,"rms":0.7,"gap":22,"magType":"ml","type":"earthquake","title":"M 2.9 - 45 km WNW of Beluga, Alaska"},"geometry":{"type":"Point","coordinates":[-151.817,61.35,92.9]},"id":"aka2026tswjcq"},
{"type":"Feature","properties":{"mag":1.8,"place":"47 km ENE of Pedro Bay, Alaska","time":1791216076149,"updated":1791216189162,"tz":null,"url":"https://earthquake.usgs.gov/earthquakes/eventpage/aka2026tswdbj","detail":"https://earthquake.usgs.gov/earthquakes/feed/v1.0/detail/aka2026tswdbj.geojson","felt":null,"cdi":null,"mmi":null,"alert":null,"status":"automatic","tsunami":0,"sig":50,"net":"ak","code":"a2026tswdbj","ids":",aka2026tswdbj,","sources":",ak,","types":",origin,phase-data,","nst":33,"dmin":0.1,"rms":0.6,"gap":90,"magType":"ml","type":"earthquake","title":"M 1.8 - 47 km ENE of Pedro Bay, Alaska"},"geometry":{"type":"Point","coordinates":[-153.281,59.877,139.3]},"id":"aka2026tswdbj"},
{"type":"Feature","properties":{"mag":2.81,"place":"5 km NE of Hydesville, CA","time":1791215796660,"updated":1791217078567,"tz":null,"url":"https://earthquake.usgs.gov/earthquakes/eventpage/nc75445011","detail":"https://earthquake.usgs.gov/earthquakes/feed/v1.0/detail/nc75445011.geojson","felt":7,"cdi":2.7,"mmi":null,"alert":null,"status":"automatic","tsunami":0,"sig":123,"net":"nc","code":"75445011","ids":",nc75445011,","sources":",nc,","types":",dyfi,focal-mechanism,nearby-cities,origin,phase-data,scitech-link,","nst":44,"dmin":null,"rms":0.11,"gap":114,"magType":"md","type":"earthquake","title":"M 2.8 - 5 km NE of Hydesville, CA"},"geometry":{"type":"Point","coordinates":[-124.048500061035,40.5731658935547,20.6399993896484]},"id":"nc75445011"},
{"type":"Feature","properties":{"mag":0.6,"place":"90 km NNW of Karluk, Alaska","time":1791215516850,"updated":1791215551060,"tz":null,"url":"https://earthquake.usgs.gov/earthquakes/eventpage/aka2026tsvuvg","detail":"https://earthquake.usgs.gov/earthquakes/feed/v1.0/detail/aka2026tsvuvg.geojson","felt":null,"cdi":null,"mmi":null,"alert":null,"status":"automatic","tsunami":0,"sig":6,"net":"ak","code":"a2026tsvuvg","ids":",aka2026tsvuvg,","sources":",ak,","types":",origin,phase-data,","nst":6,"dmin":0,"rms":0.2,"gap":179,"magType":"ml","type":"earthquake","title":"M 0.6 - 90 km NNW of Karluk, Alaska"},"geometry":{"type":"Point","coordinates":[-155.173,58.283,3.4]},"id":"aka2026tsvuvg"},
{"type":"Feature","properties":{"mag":1.91,"place":"51 km ESE of Naalehu, Hawaii","time":1791215007730,"updated":1791215212970,"tz":null,"url":"https://earthquake.usgs.gov/earthquakes/eventpage/hv75050252","detail":"https://earthquake.usgs.gov/earthquakes/feed/v1.0/detail/hv75050252.geojson","felt":null,"cdi":null,"mmi":null,"alert":null,"status":"automatic","tsunami":0,"sig":56,"net":"hv","code":"75050252","ids":",hv75050252,","sources":",hv,","types":",origin,phase-data,","nst":33,"dmin":0.4349,"rms":0.180000007,"gap":271,"magType":"md","type":"earthquake","title":"M 1.9 - 51 km ESE of Naalehu, Hawaii"},"geometry":{"type":"Point","coordinates":[-155.162170410156,18.8241672515869,17.2099990844727]},"id":"hv75050252"},
{"type":"Feature","properties":{"mag":1.3,"place":"19 km NW of Grapevine, CA","time":1791215005210,"updated":1791215211371,"tz":null,"url":"https://earthquake.usgs.gov/earthquakes/eventpage/ci41343575","detail":"https://earthquake.usgs.gov/earthquakes/feed/v1.0/detail/ci41343575.geojson","felt":null,"cdi":null,"mmi":null,"alert":null,"status":"automatic","tsunami":0,"sig":26,"net":"ci","code":"41343575","ids":",ci41343575,","sources":",ci,","types":",nearby-cities,origin,phase-data,scitech-link,","nst":20,"dmin":0.02255,"rms":0.2,"gap":241,"magType":"ml","type":"earthquake","title":"M 1.3 - 19 km NW of Grapevine, CA"},"geometry":{"type":"Point","coordinates":[-119.067833333333,35.077,8.85]},"id":"ci41343575"},
{"type":"Feature","properties":{"mag":1.66,"place":"8 km SE of Goleta, CA","time":1791214934050,"updated":1791217833121,"tz":null,"url":"https://earthquake.usgs.gov/earthquakes/eventpage/ci41343567","detail":"https://earthquake.usgs.gov/earthquakes/feed/v1.0/detail/ci41343567.geojson","felt":1,"cdi":2.7,"mmi":null,"alert":null,"status":"reviewed","tsunami":0,"sig":43,"net":"ci","code":"41343567","ids":",ci41343567,","sources":",ci,","types":",dyfi,focal-mechanism,nearby-cities,origin,phase-data,scitech-link,","nst":33,"dmin":0.0638,"rms":0.21,"gap":65,"magType":"ml","type":"earthquake","title":"M 1.7 - 8 km SE of Goleta, CA"},"geometry":{"type":"Point","coordinates":[-119.773333333333,34.385,6.08]},"id":"ci41343567"},
{"type":"Feature","properties":{"mag":2.69,"place":"7 km SE of Goleta, CA","time":1791214840490,"updated":1791217415347,"tz":null,"url":"https://earthquake.usgs.gov/earthquakes/eventpage/ci41343551","detail":"https://earthquake.usgs.gov/earthquakes/feed/v1.0/detail/ci41343551.geojson","felt":39,"cdi":3.4,"mmi":null,"alert":null,"status":"reviewed","tsunami":0,"sig":125,"net":"ci","code":"41343551","ids":",ci41343551,","sources":",ci,","types":",dyfi,focal-mechanism,nearby-cities,origin,phase-data,scitech-link,","nst":50,"dmin":0.06114,"rms":0.2,"gap":50,"magType":"ml","type":"earthquake","title":"M 2.7 - 7 km SE of Goleta, CA"},"geometry":{"type":"Point","coordinates":[-119.775833333333,34.3868333333333,9.27]},"id":"ci41343551"},
{"type":"Feature","properties":{"mag":0.21,"place":"6 km W of Cobb, CA","time":1791214134320,"updated":1791214233256,"tz":null,"url":"https://earthquake.usgs.gov/earthquakes/eventpage/nc75444991","detail":"https://earthquake.usgs.gov/earthquakes/feed/v1.0/detail/nc75444991.geojson","felt":null,"cdi":null,"mmi":null,"alert":null,"status":"automatic","tsunami":0,"sig":1,"net":"nc","code":"75444991","ids":",nc75444991,","sources":",nc,","types":",nearby-cities,origin,phase-data,","nst":7,"dmin":0.01602,"rms":0.01,"gap":88,"magType":"md","type":"earthquake","title":"M 0.2 - 6 km W of Cobb, CA"},"geometry":{"type":"Point","coordinates":[-122.793334960938,38.8326683044434,2.47000002861023]},"id":"nc75444991"},
{"type":"Feature","properties":{"mag":1,"place":"7 km NE of Livengood, Alaska","time":1791213592226,"updated":1791213669540,"tz":null,"url":"https://earthquake.usgs.gov/earthquakes/eventpage/aka2026tsutad","detail":"https://earthquake.usgs.gov/earthquakes/feed/v1.0/detail/aka2026tsutad.geojson","felt":null,"cdi":null,"mmi":null,"alert":null,"status":"automatic","tsunami":0,"sig":15,"net":"ak","code":"a2026tsutad","ids":",aka2026tsutad,","sources":",ak,","types":",origin,phase-data,","nst":6,"dmin":0.3,"rms":0.4,"gap":128,"magType":"ml","type":"earthquake","title":"M 1.0 - 7 km NE of Livengood, Alaska"},"geometry":{"type":"Point","coordinates":[-148.441,65.572,2.2]},"id":"aka2026tsutad"},
{"type":"Feature","properties":{"mag":1.48,"place":"13 km E of Yountville, CA","time":1791213422590,"updated":1791215249718,"tz":null,"url":"https://earthquake.usgs.gov/earthquakes/eventpage/nc75444986","detail":"https://earthquake.usgs.gov/earthquakes/feed/v1.0/detail/nc75444986.geojson","felt":null,"cdi":null,"mmi":null,"alert":null,"status":"automatic","tsunami":0,"sig":34,"net":"nc","code":"75444986","ids":",nc75444986,","sources":",nc,","types":",nearby-cities,origin,phase-data,scitech-link,","nst":12,"dmin":0.02213,"rms":0.15,"gap":66,"magType":"md","type":"earthquake","title":"M 1.5 - 13 km E of Yountville, CA"},"geometry":{"type":"Point","coordinates":[-122.216331481934,38.3969993591309,5.57000017166138]},"id":"nc75444986"},
{"type":"Feature","properties":{"mag":0.71,"place":"7 km NW of The Geysers, CA","time":1791212368960,"updated":1791212464171,"tz":null,"url":"https://earthquake.usgs.gov/earthquakes/eventpage/nc75444981","detail":"https://earthquake.usgs.gov/earthquakes/feed/v1.0/detail/nc75444981.geojson","felt":null,"cdi":null,"mmi":null,"alert":null,"status":"automatic","tsunami":0,"sig":8,"net":"nc","code":"75444981","ids":",nc75444981,","sources":",nc,","types":",nearby-cities,origin,phase-data,","nst":14,"dmin":0.009172,"rms":0.01,"gap":82,"magType":"md","type":"earthquake","title":"M 0.7 - 7 km NW of The Geysers, CA"},"geometry":{"type":"Point","coordinates":[-122.814834594727,38.814998626709,2.94000005722046]},"id":"nc75444981"},
{"type":"Feature","properties":{"mag":0.26,"place":"3 km NNW of The Geysers, CA","time":1791211886540,"updated":1791211982956,"tz":null,"url":"https://earthquake.usgs.gov/earthquakes/eventpage/nc75444976","detail":"https://earthquake.usgs.gov/earthquakes/feed/v1.0/detail/nc75444976.geojson","felt":null,"cdi":null,"mmi":null,"alert":null,"status":"automatic","tsunami":0,"sig":1,"net":"nc","code":"75444976","ids":",nc75444976,","sources":",nc,","types":",nearby-cities,origin,phase-data,","nst":7,"dmin":0.009624,"rms":0.01,"gap":84,"magType":"md","type":"earthquake","title":"M 0.3 - 3 km NNW of The Geysers, CA"},"geometry":{"type":"Point","coordinates":[-122.772003173828,38.7999992370605,1.3400000333786]},"id":"nc75444976"},
{"type":"Feature","properties":{"mag":0.7,"place":"85 km NNW of Karluk, Alaska","time":1791211270788,"updated":1791211310871,"tz":null,"url":"https://earthquake.usgs.gov/earthquakes/eventpage/aka2026tstlly","detail":"https://earthquake.usgs.gov/earthquakes/feed/v1.0/detail/aka2026tstlly.geojson","felt":null,"cdi":null,"mmi":null,"alert":null,"status":"automatic","tsunami":0,"sig":8,"net":"ak","code":"a2026tstlly","ids":",aka2026tstlly,","sources":",ak,","types":",origin,phase-data,","nst":11,"dmin":0,"rms":0.2,"gap":129,"magType":"ml","type":"earthquake","title":"M 0.7 - 85 km NNW of Karluk, Alaska"},"geometry":{"type":"Point","coordinates":[-154.996,58.277,5]},"id":"aka2026tstlly"},
{"type":"Feature","properties":{"mag":0.99,"place":"13 km SSW of Westmorland, CA","time":1791211049250,"updated":1791211256597,"tz":null,"url":"https://earthquake.usgs.gov/earthquakes/eventpage/ci41343535","detail":"https://earthquake.usgs.gov/earthquakes/feed/v1.0/detail/ci41343535.geojson","felt":null,"cdi":null,"mmi":null,"alert":null,"status":"automatic","tsunami":0,"sig":15,"net":"ci","code":"41343535","ids":",ci41343535,","sources":",ci,","types":",nearby-cities,origin,phase-data,scitech-link,","nst":9,"dmin":0.108,"rms":0.16,"gap":140,"magType":"ml","type":"earthquake","title":"M 1.0 - 13 km SSW of Westmorland, CA"},"geometry":{"type":"Point","coordinates":[-115.6835,32.933,19.31]},"id":"ci41343535"},
{"type":"Feature","properties":{"mag":1.2,"place":"39 km E of Livengood, Alaska","time":1791209664859,"updated":1791209768887,"tz":null,"url":"https://earthquake.usgs.gov/earthquakes/eventpage/aka2026tssogi","detail":"https://earthquake.usgs.gov/earthquakes/feed/v1.0/detail/aka2026tssogi.geojson","felt":null,"cdi":null,"mmi":null,"alert":null,"status":"automatic","tsunami":0,"sig":22,"net":"ak","code":"a2026tssogi","ids":",aka2026tssogi,","sources":",ak,","types":",origin,phase-data,","nst":16,"dmin":0.3,"rms":0.4,"gap":82,"magType":"ml","type":"earthquake","title":"M 1.2 - 39 km E of Livengood, Alaska"},"geometry":{"type":"Point","coordinates":[-147.703,65.473,5]},"id":"aka2026tssogi"},
{"type":"Feature","properties":{"mag":1.2,"place":"35 km SE of Malaga, New Mexico","time":1791208415396,"updated":1791210927495,"tz":null,"url":"https://earthquake.usgs.gov/earthquakes/eventpage/tx2026tpnrlm","detail":"https://earthquake.usgs.gov/earthquakes/feed/v1.0/detail/tx2026tpnrlm.geojson","felt":null,"cdi":null,"mmi":null,"alert":null,"status":"reviewed","tsunami":0,"sig":22,"net":"tx","code":"2026tpnrlm","ids":",tx2026tpnrlm,","sources":",tx,","types":",origin,phase-data,","nst":24,"dmin":0,"rms":0.2,"gap":74,"magType":"ml","type":"earthquake","title":"M 1.2 - 35 km SE of Malaga, New Mexico"},"geometry":{"type":"Point","coordinates":[-103.768,32.037,7.9327]},"id":"tx2026tpnrlm"},
{"type":"Feature","properties":{"mag":1.7,"place":"4 km NW of Orinda, CA","time":1791208000200,"updated":1791208228760,"tz":null,"url":"https://earthquake.usgs.gov/earthquakes/eventpage/nc75444951","detail":"https://earthquake.usgs.gov/earthquakes/feed/v1.0/detail/nc75444951.geojson","felt":null,"cdi":null,"mmi":null,"alert":null,"status":"automatic","tsunami":0,"sig":44,"net":"nc","code":"75444951","ids":",nc75444951,","sources":",nc,","types":",focal-mechanism,nearby-cities,origin,phase-data,","nst":31,"dmin":0.03318,"rms":0.07,"gap":54,"magType":"md","type":"earthquake","title":"M 1.7 - 4 km NW of Orinda, CA"},"geometry":{"type":"Point","coordinates":[-122.214500427246,37.8991661071777,6.55999994277954]},"id":"nc75444951"},
{"type":"Feature","properties":{"mag":1.6,"place":"35 km SE of Malaga, New Mexico","time":1791207814303,"updated":1791210644851,"tz":null,"url":"https://earthquake.usgs.gov/earthquakes/eventpage/tx2026tpnlkx","detail":"https://earthquake.usgs.gov/earthquakes/feed/v1.0/detail/tx2026tpnlkx.geojson","felt":null,"cdi":null,"mmi":null,"alert":null,"status":"reviewed","tsunami":0,"sig":39,"net":"tx","code":"2026tpnlkx","ids":",tx2026tpnlkx,","sources":",tx,","types":",origin,phase-data,","nst":26,"dmin":0,"rms":0.2,"gap":58,"magType":"ml","type":"earthquake","title":"M 1.6 - 35 km SE of Malaga, New Mexico"},"geometry":{"type":"Point","coordinates":[-103.769,32.035,7.5867]},"id":"tx2026tpnlkx"},
{"type":"Feature","properties":{"mag":1.8,"place":"60 km S of Whites City, New Mexico","time":1791207595122,"updated":1791210233048,"tz":null,"url":"https://earthquake.usgs.gov/earthquakes/eventpage/tx2026tpnibn","detail":"https://earthquake.usgs.gov/earthquakes/feed/v1.0/detail/tx2026tpnibn.geojson","felt":null,"cdi":null,"mmi":null,"alert":null,"status":"reviewed","tsunami":0,"sig":50,"net":"tx","code":"2026tpnibn","ids":",tx2026tpnibn,","sources":",tx,","types":",origin,phase-data,","nst":37,"dmin":0.1,"rms":0.2,"gap":72,"magType":"ml","type":"earthquake","title":"M 1.8 - 60 km S of Whites City, New Mexico"},"geometry":{"type":"Point","coordinates":[-104.344,31.633,6.0999]},"id":"tx2026tpnibn"},
{"type":"Feature","properties":{"mag":4.7,"place":"75 km NNE of Yonakuni, Japan","time":1791207045560,"updated":1791209516040,"tz":null,"url":"https://earthquake.usgs.gov/earthquakes/eventpage/us6000tznu","detail":"https://earthquake.usgs.gov/earthquakes/feed/v1.0/detail/us6000tznu.geojson","felt":null,"cdi":null,"mmi":null,"alert":null,"status":"reviewed","tsunami":0,"sig":340,"net":"us","code":"6000tznu","ids":",us6000tznu,","sources":",us,","types":",origin,phase-data,","nst":90,"dmin":0.676,"rms":0.76,"gap":71,"magType":"mb","type":"earthquake","title":"M 4.7 - 75 km NNE of Yonakuni, Japan"},"geometry":{"type":"Point","coordinates":[123.2696,25.1037,156.219]},"id":"us6000tznu"},
{"type":"Feature","properties":{"mag":1.8,"place":"49 km WNW of Valdez, Alaska","time":1791206952934,"updated":1791207089284,"tz":null,"url":"https://earthquake.usgs.gov/earthquakes/eventpage/aka2026tsrbbn","detail":"https://earthquake.usgs.gov/earthquakes/feed/v1.0/detail/aka2026tsrbbn.geojson","felt":null,"cdi":null,"mmi":null,"alert":null,"status":"automatic","tsunami":0,"sig":50,"net":"ak","code":"a2026tsrbbn","ids":",aka2026tsrbbn,","sources":",ak,","types":",origin,phase-data,","nst":24,"dmin":0.5,"rms":0.7,"gap":52,"magType":"ml","type":"earthquake","title":"M 1.8 - 49 km WNW of Valdez, Alaska"},"geometry":{"type":"Point","coordinates":[-147.128,61.365,17.6]},"id":"aka2026tsrbbn"},
{"type":"Feature","properties":{"mag":0.5,"place":"53 km ENE of Pedro Bay, Alaska","time":1791206253293,"updated":1791206419784,"tz":null,"url":"https://earthquake.usgs.gov/earthquakes/eventpage/aka2026tsqqys","detail":"https://earthquake.usgs.gov/earthquakes/feed/v1.0/detail/aka2026tsqqys.geojson","felt":null,"cdi":null,"mmi":null,"alert":null,"status":"automatic","tsunami":0,"sig":4,"net":"ak","code":"a2026tsqqys","ids":",aka2026tsqqys,","sources":",ak,","types":",origin,phase-data,","nst":6,"dmin":0.1,"rms":0.9,"gap":302,"magType":"ml","type":"earthquake","title":"M 0.5 - 53 km ENE of Pedro Bay, Alaska"},"geometry":{"type":"Point","coordinates":[-153.207,59.936,5]},"id":"aka2026tsqqys"},
{"type":"Feature","properties":{"mag":4.4,"place":"53 km NNE of Ruteng, Indonesia","time":1791205550276,"updated":1791210932040,"tz":null,"url":"https://earthquake.usgs.gov/earthquakes/eventpage/us6000tznr","detail":"https://earthquake.usgs.gov/earthquakes/feed/v1.0/detail/us6000tznr.geojson","felt":null,"cdi":null,"mmi":null,"alert":null,"status":"reviewed","tsunami":0,"sig":298,"net":"us","code":"6000tznr","ids":",us6000tznr,","sources":",us,","types":",origin,phase-data,","nst":20,"dmin":3.3,"rms":0.77,"gap":141,"magType":"mb","type":"earthquake","title":"M 4.4 - 53 km NNE of Ruteng, Indonesia"},"geometry":{"type":"Point","coordinates":[120.7072,-8.1959,10]},"id":"us6000tznr"},
{"type":"Feature","properties":{"mag":2.1,"place":"69 km NE of Chignik, Alaska","time":1791205405618,"updated":1791205479929,"tz":null,"url":"https://earthquake.usgs.gov/earthquakes/eventpage/aka2026tsqesh","detail":"https://earthquake.usgs.gov/earthquakes/feed/v1.0/detail/aka2026tsqesh.geojson","felt":null,"cdi":null,"mmi":null,"alert":null,"status":"automatic","tsunami":0,"sig":68,"net":"ak","code":"a2026tsqesh","ids":",aka2026tsqesh,","sources":",ak,","types":",origin,phase-data,","nst":15,"dmin":0.2,"rms":0.4,"gap":190,"magType":"ml","type":"earthquake","title":"M 2.1 - 69 km NE of Chignik, Alaska"},"geometry":{"type":"Point","coordinates":[-157.702,56.784,89.4]},"id":"aka2026tsqesh"},
{"type":"Feature","properties":{"mag":1.9,"place":"17 km ESE of Pearsall, Texas","time":1791205280447,"updated":1791211812440,"tz":null,"url":"https://earthquake.usgs.gov/earthquakes/eventpage/tx2026tpmbdb","detail":"https://earthquake.usgs.gov/earthquakes/feed/v1.0/detail/tx2026tpmbdb.geojson","felt":null,"cdi":null,"mmi":null,"alert":null,"status":"reviewed","tsunami":0,"sig":56,"net":"tx","code":"2026tpmbdb","ids":",tx2026tpmbdb,","sources":",tx,","types":",origin,phase-data,","nst":21,"dmin":0.2,"rms":0.3,"gap":82,"magType":"ml","type":"earthquake","title":"M 1.9 - 17 km ESE of Pearsall, Texas"},"geometry":{"type":"Point","coordinates":[-98.931,28.831,8.0679]},"id":"tx2026tpmbdb"},
{"type":"Feature","properties":{"mag":1.41,"place":"16 km NW of Pinnacles, CA","time":1791205107880,"updated":1791205203092,"tz":null,"url":"https://earthquake.usgs.gov/earthquakes/eventpage/nc75444936","detail":"https://earthquake.usgs.gov/earthquakes/feed/v1.0/detail/nc75444936.geojson","felt":null,"cdi":null,"mmi":null,"alert":null,"status":"automatic","tsunami":0,"sig":31,"net":"nc","code":"75444936","ids":",nc75444936,","sources":",nc,","types":",nearby-cities,origin,phase-data,","nst":12,"dmin":0.03494,"rms":0.16,"gap":86,"magType":"md","type":"earthquake","title":"M 1.4 - 16 km NW of Pinnacles, CA"},"geometry":{"type":"Point","coordinates":[-121.278999328613,36.6308326721191,5.1399998664856]},"id":"nc75444936"},
{"type":"Feature","properties":{"mag":0.7,"place":"65 km ENE of Pedro Bay, Alaska","time":1791204444096,"updated":1791204484228,"tz":null,"url":"https://earthquake.usgs.gov/earthquakes/eventpage/aka2026tspquy","detail":"https://earthquake.usgs.gov/earthquakes/feed/v1.0/detail/aka2026tspquy.geojson","felt":null,"cdi":null,"mmi":null,"alert":null,"status":"automatic","tsunami":0,"sig":8,"net":"ak","code":"a2026tspquy","ids":",aka2026tspquy,","sources":",ak,","types":",origin,phase-data,","nst":7,"dmin":0,"rms":0.6,"gap":71,"magType":"ml","type":"earthquake","title":"M 0.7 - 65 km ENE of Pedro Bay, Alaska"},"geometry":{"type":"Point","coordinates":[-153.016,60.013,5]},"id":"aka2026tspquy"},
{"type":"Feature","properties":{"mag":3.59,"place":"12 km SW of Volcano, Hawaii","time":1791203503010,"updated":1791217604717,"tz":null,"url":"https://earthquake.usgs.gov/earthquakes/eventpage/hv75050162","detail":"https://earthquake.usgs.gov/earthquakes/feed/v1.0/detail/hv75050162.geojson","felt":31,"cdi":3.2,"mmi":3.288,"alert":null,"status":"reviewed","tsunami":0,"sig":208,"net":"hv","code":"75050162","ids":",hv75050162,us6000tznn,","sources":",hv,us,","types":",dyfi,origin,phase-data,shakemap,","nst":61,"dmin":0.01722,"rms":0.13,"gap":70,"magType":"ml","type":"earthquake","title":"M 3.6 - 12 km SW of Volcano, Hawaii"},"geometry":{"type":"Point","coordinates":[-155.300666666667,19.3546666666667,28.21]},"id":"hv75050162"},
{"type":"Feature","properties":{"mag":1.19,"place":"10 km WSW of Idyllwild, CA","time":1791203323960,"updated":1791206422359,"tz":null,"url":"https://earthquake.usgs.gov/earthquakes/eventpage/ci41343503","detail":"https://earthquake.usgs.gov/earthquakes/feed/v1.0/detail/ci41343503.geojson","felt":null,"cdi":null,"mmi":null,"alert":null,"status":"reviewed","tsunami":0,"sig":22,"net":"ci","code":"41343503","ids":",ci41343503,","sources":",ci,","types":",nearby-cities,origin,phase-data,","nst":66,"dmin":0.08061,"rms":0.19,"gap":21,"magType":"ml","type":"earthquake","title":"M 1.2 - 10 km WSW of Idyllwild, CA"},"geometry":{"type":"Point","coordinates":[-116.808,33.6916666666667,15.9]},"id":"ci41343503"},
{"type":"Feature","properties":{"mag":1.34623088251404,"place":"10 km WSW of Idyllwild, CA","time":1791203320410,"updated":1791203447040,"tz":null,"url":"https://earthquake.usgs.gov/earthquakes/eventpage/ci41343495","detail":"https://earthquake.usgs.gov/earthquakes/feed/v1.0/detail/ci41343495.geojson","felt":null,"cdi":null,"mmi":null,"alert":null,"status":"automatic","tsunami":0,"sig":28,"net":"ci","code":"41343495","ids":",ci41343495,","sources":",ci,","types":",nearby-cities,origin,phase-data,","nst":18,"dmin":0.07991,"rms":0.280000001,"gap":68,"magType":"ml","type":"earthquake","title":"M 1.3 - 10 km WSW of Idyllwild, CA"},"geometry":{"type":"Point","coordinates":[-116.808334350586,33.6961669921875,18.5200004577637]},"id":"ci41343495"},
{"type":"Feature","properties":{"mag":2.7,"place":"21 km NNW of Midland, Texas","time":1791203271538,"updated":1791210272483,"tz":null,"url":"https://earthquake.usgs.gov/earthquakes/eventpage/tx2026tpkyfx","detail":"https://earthquake.usgs.gov/earthquakes/feed/v1.0/detail/tx2026tpkyfx.geojson","felt":1,"cdi":3.4,"mmi":null,"alert":null,"status":"reviewed","tsunami":0,"sig":112,"net":"tx","code":"2026tpkyfx","ids":",us6000tznl,tx2026tpkyfx,","sources":",us,tx,","types":",dyfi,origin,phase-data,","nst":74,"dmin":0,"rms":0.1,"gap":56,"magType":"ml","type":"earthquake","title":"M 2.7 - 21 km NNW of Midland, Texas"},"geometry":{"type":"Point","coordinates":[-102.171,32.174,10.6689]},"id":"tx2026tpkyfx"},
{"type":"Feature","properties":{"mag":0.3,"place":"11 km S of Anza, CA","time":1791202853310,"updated":1791207376458,"tz":null,"url":"https://earthquake.usgs.gov/earthquakes/eventpage/ci41343487","detail":"https://earthquake.usgs.gov/earthquakes/feed/v1.0/detail/ci41343487.geojson","felt":null,"cdi":null,"mmi":null,"alert":null,"status":"reviewed","tsunami":0,"sig":1,"net":"ci","code":"41343487","ids":",ci41343487,","sources":",ci,","types":",nearby-cities,origin,phase-data,","nst":30,"dmin":0.06631,"rms":0.1,"gap":60,"magType":"ml","type":"earthquake","title":"M 0.3 - 11 km S of Anza, CA"},"geometry":{"type":"Point","coordinates":[-116.663666666667,33.4526666666667,3.9]},"id":"ci41343487"},
{"type":"Feature","properties":{"mag":4.4,"place":"54 km WSW of Tambolaka, Indonesia","time":1791202642875,"updated":1791207056040,"tz":null,"url":"https://earthquake.usgs.gov/earthquakes/eventpage/us6000tznk","detail":"https://earthquake.usgs.gov/earthquakes/feed/v1.0/detail/us6000tznk.geojson","felt":null,"cdi":null,"mmi":null,"alert":null,"status":"reviewed","tsunami":0,"sig":298,"net":"us","code":"6000tznk","ids":",us6000tznk,","sources":",us,","types":",origin,phase-data,","nst":36,"dmin":4.741,"rms":0.83,"gap":123,"magType":"mb","type":"earthquake","title":"M 4.4 - 54 km WSW of Tambolaka, Indonesia"},"geometry":{"type":"Point","coordinates":[118.824,-9.6952,39.453]},"id":"us6000tznk"},
{"type":"Feature","properties":{"mag":1.76,"place":"4 km SSW of Pāhala, Hawaii","time":1791202591770,"updated":1791202803500,"tz":null,"url":"https://earthquake.usgs.gov/earthquakes/eventpage/hv75050157","detail":"https://earthquake.usgs.gov/earthquakes/feed/v1.0/detail/hv75050157.geojson","felt":null,"cdi":null,"mmi":null,"alert":null,"status":"automatic","tsunami":0,"sig":48,"net":"hv","code":"75050157","ids":",hv75050157,","sources":",hv,","types":",origin,phase-data,","nst":23,"dmin":0.07855,"rms":0.150000006,"gap":161,"magType":"md","type":"earthquake","title":"M 1.8 - 4 km SSW of Pāhala, Hawaii"},"geometry":{"type":"Point","coordinates":[-155.495162963867,19.1695003509521,29.8700008392334]},"id":"hv75050157"},
{"type":"Feature","properties":{"mag":2.6,"place":"70 km WNW of Happy Valley, Alaska","time":1791202211438,"updated":1791202588040,"tz":null,"url":"https://earthquake.usgs.gov/earthquakes/eventpage/aka2026tsoksi","detail":"https://earthquake.usgs.gov/earthquakes/feed/v1.0/detail/aka2026tsoksi.geojson","felt":null,"cdi":null,"mmi":null,"alert":null,"status":"automatic","tsunami":0,"sig":104,"net":"ak","code":"a2026tsoksi","ids":",us6000tzni,aka2026tsoksi,","sources":",us,ak,","types":",origin,phase-data,","nst":111,"dmin":0.1,"rms":0.7,"gap":75,"magType":"ml","type":"earthquake","title":"M 2.6 - 70 km WNW of Happy Valley, Alaska"},"geometry":{"type":"Point","coordinates":[-152.939,60.132,125.3]},"id":"aka2026tsoksi"},
{"type":"Feature","properties":{"mag":1.5,"place":"72 km W of Karluk, Alaska","time":1791201561561,"updated":1791201739982,"tz":null,"url":"https://earthquake.usgs.gov/earthquakes/eventpage/aka2026tsobdx","detail":"https://earthquake.usgs.gov/earthquakes/feed/v1.0/detail/aka2026tsobdx.geojson","felt":null,"cdi":null,"mmi":null,"alert":null,"status":"automatic","tsunami":0,"sig":35,"net":"ak","code":"a2026tsobdx","ids":",aka2026tsobdx,","sources":",ak,","types":",origin,phase-data,","nst":6,"dmin":0.3,"rms":0.7,"gap":251,"magType":"ml","type":"earthquake","title":"M 1.5 - 72 km W of Karluk, Alaska"},"geometry":{"type":"Point","coordinates":[-155.666,57.593,19]},"id":"aka2026tsobdx"},
{"type":"Feature","properties":{"mag":0.9,"place":"4 km SSW of Redlands, CA","time":1791201348800,"updated":1791207407760,"tz":null,"url":"https://earthquake.usgs.gov/earthquakes/eventpage/ci41343479","detail":"https://earthquake.usgs.gov/earthquakes/feed/v1.0/detail/ci41343479.geojson","felt":null,"cdi":null,"mmi":null,"alert":null,"status":"reviewed","tsunami":0,"sig":12,"net":"ci","code":"41343479","ids":",ci41343479,","sources":",ci,","types":",focal-mechanism,nearby-cities,origin,phase-data,","nst":55,"dmin":0.07062,"rms":0.17,"gap":28,"magType":"ml","type":"earthquake","title":"M 0.9 - 4 km SSW of Redlands, CA"},"geometry":{"type":"Point","coordinates":[-117.1945,34.017,3.98]},"id":"ci41343479"},
{"type":"Feature","properties":{"mag":1.44,"place":"5 km SSW of Redlands, CA","time":1791201030040,"updated":1791206661470,"tz":null,"url":"https://earthquake.usgs.gov/earthquakes/eventpage/ci41343471","detail":"https://earthquake.usgs.gov/earthquakes/feed/v1.0/detail/ci41343471.geojson","felt":null,"cdi":null,"mmi":null,"alert":null,"status":"reviewed","tsunami":0,"sig":32,"net":"ci","code":"41343471","ids":",ci41343471,","sources":",ci,","types":",focal-mechanism,nearby-cities,origin,phase-data,","nst":88,"dmin":0.06987,"rms":0.18,"gap":22,"magType":"ml","type":"earthquake","title":"M 1.4 - 5 km SSW of Redlands, CA"},"geometry":{"type":"Point","coordinates":[-117.193166666667,34.0158333333333,3.61]},"id":"ci41343471"},
{"type":"Feature","properties":{"mag":4.6,"place":"21 km S of Luganville, Vanuatu","time":1791200827753,"updated":1791202362040,"tz":null,"url":"https://earthquake.usgs.gov/earthquakes/eventpage/us6000tznh","detail":"https://earthquake.usgs.gov/earthquakes/feed/v1.0/detail/us6000tznh.geojson","felt":null,"cdi":null,"mmi":null,"alert":null,"status":"reviewed","tsunami":0,"sig":326,"net":"us","code":"6000tznh","ids":",us6000tznh,","sources":",us,","types":",origin,phase-data,","nst":34,"dmin":5.525,"rms":0.65,"gap":130,"magType":"mb","type":"earthquake","title":"M 4.6 - 21 km S of Luganville, Vanuatu"},"geometry":{"type":"Point","coordinates":[167.1484,-15.7157,35]},"id":"us6000tznh"},
{"type":"Feature","properties":{"mag":1.59,"place":"1 km NW of The Geysers, CA","time":1791200706360,"updated":1791202649314,"tz":null,"url":"https://earthquake.usgs.gov/earthquakes/eventpage/nc75444921","detail":"https://earthquake.usgs.gov/earthquakes/feed/v1.0/detail/nc75444921.geojson","felt":null,"cdi":null,"mmi":null,"alert":null,"status":"automatic","tsunami":0,"sig":39,"net":"nc","code":"75444921","ids":",nc75444921,","sources":",nc,","types":",focal-mechanism,nearby-cities,origin,phase-data,scitech-link,","nst":38,"dmin":0.01316,"rms":0.07,"gap":64,"magType":"md","type":"earthquake","title":"M 1.6 - 1 km NW of The Geysers, CA"},"geometry":{"type":"Point","coordinates":[-122.763999938965,38.7838325500488,4.1100001335144]},"id":"nc75444921"},
{"type":"Feature","properties":{"mag":0.62,"place":"17 km SW of La Quinta, CA","time":1791200511740,"updated":1791206634589,"tz":null,"url":"https://earthquake.usgs.gov/earthquakes/eventpage/ci41343463","detail":"https://earthquake.usgs.gov/earthquakes/feed/v1.0/detail/ci41343463.geojson","felt":null,"cdi":null,"mmi":null,"alert":null,"status":"reviewed","tsunami":0,"sig":6,"net":"ci","code":"41343463","ids":",ci41343463,","sources":",ci,","types":",nearby-cities,origin,phase-data,","nst":36,"dmin":0.108,"rms":0.14,"gap":79,"magType":"ml","type":"earthquake","title":"M 0.6 - 17 km SW of La Quinta, CA"},"geometry":{"type":"Point","coordinates":[-116.4355,33.551,6.8]},"id":"ci41343463"},
{"type":"Feature","properties":{"mag":1.2,"place":"5 km SSW of Redlands, CA","time":1791200447880,"updated":1791206650498,"tz":null,"url":"https://earthquake.usgs.gov/earthquakes/eventpage/ci41343455","detail":"https://earthquake.usgs.gov/earthquakes/feed/v1.0/detail/ci41343455.geojson","felt":null,"cdi":null,"mmi":null,"alert":null,"status":"reviewed","tsunami":0,"sig":22,"net":"ci","code":"41343455","ids":",ci41343455,","sources":",ci,","types":",nearby-cities,origin,phase-data,scitech-link,","nst":62,"dmin":0.06968,"rms":0.19,"gap":25,"magType":"ml","type":"earthquake","title":"M 1.2 - 5 km SSW of Redlands, CA"},"geometry":{"type":"Point","coordinates":[-117.193833333333,34.015,3.63]},"id":"ci41343455"},
{"type":"Feature","properties":{"mag":0.76,"place":"18 km W of Johannesburg, CA","time":1791199658340,"updated":1791206666165,"tz":null,"url":"https://earthquake.usgs.gov/earthquakes/eventpage/ci41343447","detail":"https://earthquake.usgs.gov/earthquakes/feed/v1.0/detail/ci41343447.geojson","felt":null,"cdi":null,"mmi":null,"alert":null,"status":"reviewed","tsunami":0,"sig":9,"net":"ci","code":"41343447","ids":",ci41343447,","sources":",ci,","types":",nearby-cities,origin,phase-data,","nst":23,"dmin":0.1269,"rms":0.15,"gap":88,"magType":"ml","type":"earthquake","title":"M 0.8 - 18 km W of Johannesburg, CA"},"geometry":{"type":"Point","coordinates":[-117.827,35.3936666666667,6.98]},"id":"ci41343447"},
{"type":"Feature","properties":{"mag":1.77,"place":"19 km SSW of Pa‘auilo, Hawaii","time":1791199559150,"updated":1791199770150,"tz":null,"url":"https://earthquake.usgs.gov/earthquakes/eventpage/hv75050127","detail":"https://earthquake.usgs.gov/earthquakes/feed/v1.0/detail/hv75050127.geojson","felt":null,"cdi":null,"mmi":null,"alert":null,"status":"automatic","tsunami":0,"sig":48,"net":"hv","code":"75050127","ids":",hv75050127,","sources":",hv,","types":",origin,phase-data,","nst":14,"dmin":0.1235,"rms":0.100000001,"gap":241,"magType":"md","type":"earthquake","title":"M 1.8 - 19 km SSW of Pa‘auilo, Hawaii"},"geometry":{"type":"Point","coordinates":[-155.471160888672,19.8904991149902,28.1399993896484]},"id":"hv75050127"},
{"type":"Feature","properties":{"mag":0.99,"place":"7 km NW of The Geysers, CA","time":1791199169040,"updated":1791199263393,"tz":null,"url":"https://earthquake.usgs.gov/earthquakes/eventpage/nc75444911","detail":"https://earthquake.usgs.gov/earthquakes/feed/v1.0/detail/nc75444911.geojson","felt":null,"cdi":null,"mmi":null,"alert":null,"status":"automatic","tsunami":0,"sig":15,"net":"nc","code":"75444911","ids":",nc75444911,","sources":",nc,","types":",nearby-cities,origin,phase-data,","nst":20,"dmin":0.003657,"rms":0.02,"gap":39,"magType":"md","type":"earthquake","title":"M 1.0 - 7 km NW of The Geysers, CA"},"geometry":{"type":"Point","coordinates":[-122.8056640625,38.8221664428711,2.5699999332428]},"id":"nc75444911"},
{"type":"Feature","properties":{"mag":1.2,"place":"43 km E of Stevens Village, Alaska","time":1791199140686,"updated":1791199219953,"tz":null,"url":"https://earthquake.usgs.gov/earthquakes/eventpage/aka2026tsmsef","detail":"https://earthquake.usgs.gov/earthquakes/feed/v1.0/detail/aka2026tsmsef.geojson","felt":null,"cdi":null,"mmi":null,"alert":null,"status":"automatic","tsunami":0,"sig":22,"net":"ak","code":"a2026tsmsef","ids":",aka2026tsmsef,","sources":",ak,","types":",origin,phase-data,","nst":9,"dmin":0.2,"rms":0.5,"gap":206,"magType":"ml","type":"earthquake","title":"M 1.2 - 43 km E of Stevens Village, Alaska"},"geometry":{"type":"Point","coordinates":[-148.136,65.994,11]},"id":"aka2026tsmsef"},
{"type":"Feature","properties":{"mag":1.76,"place":"52 km NE of Tonopah, Nevada","time":1791199135230,"updated":1791199291068,"tz":null,"url":"https://earthquake.usgs.gov/earthquakes/eventpage/nn00925310","detail":"https://earthquake.usgs.gov/earthquakes/feed/v1.0/detail/nn00925310.geojson","felt":null,"cdi":null,"mmi":null,"alert":null,"status":"automatic","tsunami":0,"sig":48,"net":"nn","code":"00925310","ids":",nn00925310,","sources":",nn,","types":",origin,phase-data,","nst":16,"dmin":0.962,"rms":0.2094,"gap":194,"magType":"ml","type":"earthquake","title":"M 1.8 - 52 km NE of Tonopah, Nevada"},"geometry":{"type":"Point","coordinates":[-116.7288,38.3344,0.0581]},"id":"nn00925310"},
{"type":"Feature","properties":{"mag":0.84,"place":"5 km SSW of Redlands, CA","time":1791198638320,"updated":1791206698043,"tz":null,"url":"https://earthquake.usgs.gov/earthquakes/eventpage/ci41343439","detail":"https://earthquake.usgs.gov/earthquakes/feed/v1.0/detail/ci41343439.geojson","felt":null,"cdi":null,"mmi":null,"alert":null,"status":"reviewed","tsunami":0,"sig":11,"net":"ci","code":"41343439","ids":",ci41343439,","sources":",ci,","types":",nearby-cities,origin,phase-data,","nst":41,"dmin":0.07179,"rms":0.2,"gap":64,"magType":"ml","type":"earthquake","title":"M 0.8 - 5 km SSW of Redlands, CA"},"geometry":{"type":"Point","coordinates":[-117.196166666667,34.0166666666667,4.15]},"id":"ci41343439"},
{"type":"Feature","properties":{"mag":3,"place":"50 km WNW of Ninilchik, Alaska","time":1791198382798,"updated":1791199789040,"tz":null,"url":"https://earthquake.usgs.gov/earthquakes/eventpage/aka2026tsmher","detail":"https://earthquake.usgs.gov/earthquakes/feed/v1.0/detail/aka2026tsmher.geojson","felt":null,"cdi":null,"mmi":null,"alert":null,"status":"automatic","tsunami":0,"sig":138,"net":"ak","code":"a2026tsmher","ids":",us6000tznd,aka2026tsmher,","sources":",us,ak,","types":",origin,phase-data,","nst":160,"dmin":0.2,"rms":0.9,"gap":57,"magType":"ml","type":"earthquake","title":"M 3.0 - 50 km WNW of Ninilchik, Alaska"},"geometry":{"type":"Point","coordinates":[-152.492,60.241,104.7]},"id":"aka2026tsmher"},
{"type":"Feature","properties":{"mag":5,"place":"187 km ENE of Saipan, Northern Mariana Islands","time":1791197529844,"updated":1791212531447,"tz":null,"url":"https://earthquake.usgs.gov/earthquakes/eventpage/us6000tzna","detail":"https://earthquake.usgs.gov/earthquakes/feed/v1.0/detail/us6000tzna.geojson","felt":null,"cdi":null,"mmi":null,"alert":null,"status":"reviewed","tsunami":0,"sig":385,"net":"us","code":"6000tzna","ids":",us6000tzna,","sources":",us,","types":",event-sequence,oaf,origin,phase-data,","nst":74,"dmin":1.646,"rms":0.71,"gap":80,"magType":"mb","type":"earthquake","title":"M 5.0 - 187 km ENE of Saipan, Northern Mariana Islands"},"geometry":{"type":"Point","coordinates":[147.395,15.8046,10]},"id":"us6000tzna"},
{"type":"Feature","properties":{"mag":1.73,"place":"27 km NNW of Pāhala, Hawaii","time":1791197472450,"updated":1791197683220,"tz":null,"url":"https://earthquake.usgs.gov/earthquakes/eventpage/hv75050117","detail":"https://earthquake.usgs.gov/earthquakes/feed/v1.0/detail/hv75050117.geojson","felt":null,"cdi":null,"mmi":null,"alert":null,"status":"automatic","tsunami":0,"sig":46,"net":"hv","code":"75050117","ids":",hv75050117,","sources":",hv,","types":",origin,phase-data,","nst":18,"dmin":0.03141,"rms":0.239999995,"gap":52,"magType":"md","type":"earthquake","title":"M 1.7 - 27 km NNW of Pāhala, Hawaii"},"geometry":{"type":"Point","coordinates":[-155.600830078125,19.4214992523193,38.3899993896484]},"id":"hv75050117"},
{"type":"Feature","properties":{"mag":0.67,"place":"5 km SSW of Redlands, CA","time":1791197207330,"updated":1791206712885,"tz":null,"url":"https://earthquake.usgs.gov/earthquakes/eventpage/ci41343431","detail":"https://earthquake.usgs.gov/earthquakes/feed/v1.0/detail/ci41343431.geojson","felt":null,"cdi":null,"mmi":null,"alert":null,"status":"reviewed","tsunami":0,"sig":7,"net":"ci","code":"41343431","ids":",ci41343431,","sources":",ci,","types":",nearby-cities,origin,phase-data,","nst":50,"dmin":0.0708,"rms":0.16,"gap":36,"magType":"ml","type":"earthquake","title":"M 0.7 - 5 km SSW of Redlands, CA"},"geometry":{"type":"Point","coordinates":[-117.195333333333,34.0158333333333,3.25]},"id":"ci41343431"},
{"type":"Feature","properties":{"mag":1.45,"place":"5 km SSW of Redlands, CA","time":1791197001800,"updated":1791206789360,"tz":null,"url":"https://earthquake.usgs.gov/earthquakes/eventpage/ci41343423","detail":"https://earthquake.usgs.gov/earthquakes/feed/v1.0/detail/ci41343423.geojson","felt":null,"cdi":null,"mmi":null,"alert":null,"status":"reviewed","tsunami":0,"sig":32,"net":"ci","code":"41343423","ids":",ci41343423,","sources":",ci,","types":",focal-mechanism,nearby-cities,origin,phase-data,scitech-link,","nst":83,"dmin":0.06963,"rms":0.18,"gap":25,"magType":"ml","type":"earthquake","title":"M 1.5 - 5 km SSW of Redlands, CA"},"geometry":{"type":"Point","coordinates":[-117.194333333333,34.0148333333333,4.26]},"id":"ci41343423"},
{"type":"Feature","properties":{"mag":2.7,"place":"70 km SE of Perryville, Alaska","time":1791196683542,"updated":1791196860752,"tz":null,"url":"https://earthquake.usgs.gov/earthquakes/eventpage/aka2026tslhrt","detail":"https://earthquake.usgs.gov/earthquakes/feed/v1.0/detail/aka2026tslhrt.geojson","felt":null,"cdi":null,"mmi":null,"alert":null,"status":"automatic","tsunami":0,"sig":112,"net":"ak","code":"a2026tslhrt","ids":",aka2026tslhrt,","sources":",ak,","types":",origin,phase-data,","nst":32,"dmin":0.8,"rms":0.6,"gap":212,"magType":"ml","type":"earthquake","title":"M 2.7 - 70 km SE of Perryville, Alaska"},"geometry":{"type":"Point","coordinates":[-158.484,55.405,14.3]},"id":"aka2026tslhrt"},
{"type":"Feature","properties":{"mag":1.77,"place":"10 km ENE of Pāhala, Hawaii","time":1791195692710,"updated":1791195911610,"tz":null,"url":"https://earthquake.usgs.gov/earthquakes/eventpage/hv75050107","detail":"https://earthquake.usgs.gov/earthquakes/feed/v1.0/detail/hv75050107.geojson","felt":null,"cdi":null,"mmi":null,"alert":null,"status":"automatic","tsunami":0,"sig":48,"net":"hv","code":"75050107","ids":",hv75050107,","sources":",hv,","types":",origin,phase-data,","nst":24,"dmin":0.02047,"rms":0.119999997,"gap":200,"magType":"md","type":"earthquake","title":"M 1.8 - 10 km ENE of Pāhala, Hawaii"},"geometry":{"type":"Point","coordinates":[-155.378662109375,19.2273330688477,30.2199993133545]},"id":"hv75050107"},
{"type":"Feature","properties":{"mag":0.69,"place":"5 km WNW of Cobb, CA","time":1791195632090,"updated":1791195728051,"tz":null,"url":"https://earthquake.usgs.gov/earthquakes/eventpage/nc75444906","detail":"https://earthquake.usgs.gov/earthquakes/feed/v1.0/detail/nc75444906.geojson","felt":null,"cdi":null,"mmi":null,"alert":null,"status":"automatic","tsunami":0,"sig":7,"net":"nc","code":"75444906","ids":",nc75444906,","sources":",nc,","types":",nearby-cities,origin,phase-data,","nst":8,"dmin":0.005811,"rms":0.01,"gap":86,"magType":"md","type":"earthquake","title":"M 0.7 - 5 km WNW of Cobb, CA"},"geometry":{"type":"Point","coordinates":[-122.784164428711,38.8351669311523,1.71000003814697]},"id":"nc75444906"},
{"type":"Feature","properties":{"mag":1.65,"place":"5 km WNW of Cobb, CA","time":1791195302200,"updated":1791197246685,"tz":null,"url":"https://earthquake.usgs.gov/earthquakes/eventpage/nc75444901","detail":"https://earthquake.usgs.gov/earthquakes/feed/v1.0/detail/nc75444901.geojson","felt":null,"cdi":null,"mmi":null,"alert":null,"status":"automatic","tsunami":0,"sig":42,"net":"nc","code":"75444901","ids":",nc75444901,","sources":",nc,","types":",focal-mechanism,nearby-cities,origin,phase-data,scitech-link,","nst":29,"dmin":0.006513,"rms":0.03,"gap":60,"magType":"md","type":"earthquake","title":"M 1.7 - 5 km WNW of Cobb, CA"},"geometry":{"type":"Point","coordinates":[-122.783668518066,38.8344993591309,1.95000004768372]},"id":"nc75444901"},
{"type":"Feature","properties":{"mag":1.41,"place":"5 km SW of Idyllwild, CA","time":1791194623290,"updated":1791206748737,"tz":null,"url":"https://earthquake.usgs.gov/earthquakes/eventpage/ci41343415","detail":"https://earthquake.usgs.gov/earthquakes/feed/v1.0/detail/ci41343415.geojson","felt":null,"cdi":null,"mmi":null,"alert":null,"status":"reviewed","tsunami":0,"sig":31,"net":"ci","code":"41343415","ids":",ci41343415,","sources":",ci,","types":",nearby-cities,origin,phase-data,","nst":20,"dmin":0.03515,"rms":0.11,"gap":74,"magType":"ml","type":"earthquake","title":"M 1.4 - 5 km SW of Idyllwild, CA"},"geometry":{"type":"Point","coordinates":[-116.756166666667,33.708,16.25]},"id":"ci41343415"},
{"type":"Feature","properties":{"mag":1.88,"place":"14 km W of Petrolia, CA","time":1791194251190,"updated":1791194347897,"tz":null,"url":"https://earthquake.usgs.gov/earthquakes/eventpage/nc75444891","detail":"https://earthquake.usgs.gov/earthquakes/feed/v1.0/detail/nc75444891.geojson","felt":null,"cdi":null,"mmi":null,"alert":null,"status":"automatic","tsunami":0,"sig":54,"net":"nc","code":"75444891","ids":",nc75444891,","sources":",nc,","types":",nearby-cities,origin,phase-data,","nst":13,"dmin":0.0822,"rms":0.08,"gap":252,"magType":"md","type":"earthquake","title":"M 1.9 - 14 km W of Petrolia, CA"},"geometry":{"type":"Point","coordinates":[-124.447998046875,40.304500579834,8.64999961853027]},"id":"nc75444891"},
{"type":"Feature","properties":{"mag":0.9,"place":"5 km NW of Farm Loop, Alaska","time":1791193180326,"updated":1791193239530,"tz":null,"url":"https://earthquake.usgs.gov/earthquakes/eventpage/aka2026tsjkav","detail":"https://earthquake.usgs.gov/earthquakes/feed/v1.0/detail/aka2026tsjkav.geojson","felt":null,"cdi":null,"mmi":null,"alert":null,"status":"automatic","tsunami":0,"sig":12,"net":"ak","code":"a2026tsjkav","ids":",aka2026tsjkav,","sources":",ak,","types":",origin,phase-data,","nst":7,"dmin":0.1,"rms":0.9,"gap":127,"magType":"ml","type":"earthquake","title":"M 0.9 - 5 km NW of Farm Loop, Alaska"},"geometry":{"type":"Point","coordinates":[-149.209,61.673,5]},"id":"aka2026tsjkav"},
{"type":"Feature","properties":{"mag":0.360000014,"place":"37 km NNE of Amboy, Washington","time":1791192365820,"updated":1791192450440,"tz":null,"url":"https://earthquake.usgs.gov/earthquakes/eventpage/uw714115991","detail":"https://earthquake.usgs.gov/earthquakes/feed/v1.0/detail/uw714115991.geojson","felt":null,"cdi":null,"mmi":null,"alert":null,"status":"automatic","tsunami":0,"sig":2,"net":"uw","code":"714115991","ids":",uw714115991,","sources":",uw,","types":",origin,phase-data,","nst":15,"dmin":0.001422,"rms":0.0599999987,"gap":126,"magType":"md","type":"earthquake","title":"M 0.4 - 37 km NNE of Amboy, Washington"},"geometry":{"type":"Point","coordinates":[-122.188835144043,46.2000007629395,1.08000004291534]},"id":"uw714115991"},
{"type":"Feature","properties":{"mag":0.98,"place":"8 km WNW of Cobb, CA","time":1791191772110,"updated":1791191867769,"tz":null,"url":"https://earthquake.usgs.gov/earthquakes/eventpage/nc75444886","detail":"https://earthquake.usgs.gov/earthquakes/feed/v1.0/detail/nc75444886.geojson","felt":null,"cdi":null,"mmi":null,"alert":null,"status":"automatic","tsunami":0,"sig":15,"net":"nc","code":"75444886","ids":",nc75444886,","sources":",nc,","types":",nearby-cities,origin,phase-data,","nst":11,"dmin":0.01368,"rms":0.02,"gap":59,"magType":"md","type":"earthquake","title":"M 1.0 - 8 km WNW of Cobb, CA"},"geometry":{"type":"Point","coordinates":[-122.807998657227,38.8370018005371,2.19000005722046]},"id":"nc75444886"},
{"type":"Feature","properties":{"mag":2,"place":"41 km SW of Nanwalek, Alaska","time":1791191692565,"updated":1791191789226,"tz":null,"url":"https://earthquake.usgs.gov/earthquakes/eventpage/aka2026tsilpa","detail":"https://earthquake.usgs.gov/earthquakes/feed/v1.0/detail/aka2026tsilpa.geojson","felt":null,"cdi":null,"mmi":null,"alert":null,"status":"automatic","tsunami":0,"sig":62,"net":"ak","code":"a2026tsilpa","ids":",aka2026tsilpa,","sources":",ak,","types":",origin,phase-data,","nst":36,"dmin":0.5,"rms":0.4,"gap":131,"magType":"ml","type":"earthquake","title":"M 2.0 - 41 km SW of Nanwalek, Alaska"},"geometry":{"type":"Point","coordinates":[-152.374,59.067,74.8]},"id":"aka2026tsilpa"},
{"type":"Feature","properties":{"mag":0.89,"place":"4 km SE of Yorba Linda, CA","time":1791191101850,"updated":1791207475450,"tz":null,"url":"https://earthquake.usgs.gov/earthquakes/eventpage/ci41343407","detail":"https://earthquake.usgs.gov/earthquakes/feed/v1.0/detail/ci41343407.geojson","felt":null,"cdi":null,"mmi":null,"alert":null,"status":"reviewed","tsunami":0,"sig":12,"net":"ci","code":"41343407","ids":",ci41343407,","sources":",ci,","types":",focal-mechanism,nearby-cities,origin,phase-data,","nst":47,"dmin":0.03761,"rms":0.17,"gap":41,"magType":"ml","type":"earthquake","title":"M 0.9 - 4 km SE of Yorba Linda, CA"},"geometry":{"type":"Point","coordinates":[-117.774666666667,33.864,9.43]},"id":"ci41343407"},
{"type":"Feature","properties":{"mag":1.85,"place":"4 km S of Pāhala, Hawaii","time":1791190869560,"updated":1791191073060,"tz":null,"url":"https://earthquake.usgs.gov/earthquakes/eventpage/hv75050097","detail":"https://earthquake.usgs.gov/earthquakes/feed/v1.0/detail/hv75050097.geojson","felt":null,"cdi":null,"mmi":null,"alert":null,"status":"automatic","tsunami":0,"sig":53,"net":"hv","code":"75050097","ids":",hv75050097,","sources":",hv,","types":",origin,phase-data,","nst":29,"dmin":0.02462,"rms":0.209999993,"gap":115,"magType":"md","type":"earthquake","title":"M 1.9 - 4 km S of Pāhala, Hawaii"},"geometry":{"type":"Point","coordinates":[-155.486663818359,19.1636657714844,10.0500001907349]},"id":"hv75050097"},
{"type":"Feature","properties":{"mag":0.4,"place":"63 km ENE of Pedro Bay, Alaska","time":1791190228361,"updated":1791190399439,"tz":null,"url":"https://earthquake.usgs.gov/earthquakes/eventpage/aka2026tshtjs","detail":"https://earthquake.usgs.gov/earthquakes/feed/v1.0/detail/aka2026tshtjs.geojson","felt":null,"cdi":null,"mmi":null,"alert":null,"status":"automatic","tsunami":0,"sig":2,"net":"ak","code":"a2026tshtjs","ids":",aka2026tshtjs,","sources":",ak,","types":",origin,phase-data,","nst":6,"dmin":0,"rms":0.2,"gap":109,"magType":"ml","type":"earthquake","title":"M 0.4 - 63 km ENE of Pedro Bay, Alaska"},"geometry":{"type":"Point","coordinates":[-153.091,60.035,5]},"id":"aka2026tshtjs"},
{"type":"Feature","properties":{"mag":2.4,"place":"64 km S of Cantwell, Alaska","time":1791189195740,"updated":1791189339526,"tz":null,"url":"https://earthquake.usgs.gov/earthquakes/eventpage/aka2026tshelq","detail":"https://earthquake.usgs.gov/earthquakes/feed/v1.0/detail/aka2026tshelq.geojson","felt":null,"cdi":null,"mmi":null,"alert":null,"status":"automatic","tsunami":0,"sig":89,"net":"ak","code":"a2026tshelq","ids":",aka2026tshelq,","sources":",ak,","types":",origin,phase-data,","nst":47,"dmin":0.6,"rms":0.7,"gap":41,"magType":"ml","type":"earthquake","title":"M 2.4 - 64 km S of Cantwell, Alaska"},"geometry":{"type":"Point","coordinates":[-148.854,62.814,5]},"id":"aka2026tshelq"},
{"type":"Feature","properties":{"mag":1.2,"place":"69 km ENE of Pedro Bay, Alaska","time":1791189126506,"updated":1791189229767,"tz":null,"url":"https://earthquake.usgs.gov/earthquakes/eventpage/aka2026tshdhn","detail":"https://earthquake.usgs.gov/earthquakes/feed/v1.0/detail/aka2026tshdhn.geojson","felt":null,"cdi":null,"mmi":null,"alert":null,"status":"automatic","tsunami":0,"sig":22,"net":"ak","code":"a2026tshdhn","ids":",aka2026tshdhn,","sources":",ak,","types":",origin,phase-data,","nst":25,"dmin":0,"rms":0.3,"gap":86,"magType":"ml","type":"earthquake","title":"M 1.2 - 69 km ENE of Pedro Bay, Alaska"},"geometry":{"type":"Point","coordinates":[-152.978,60.058,118.4]},"id":"aka2026tshdhn"},
{"type":"Feature","properties":{"mag":2.9,"place":"42 km NW of San Antonio, Puerto Rico","time":1791187210420,"updated":1791188864930,"tz":null,"url":"https://earthquake.usgs.gov/earthquakes/eventpage/pr71535823","detail":"https://earthquake.usgs.gov/earthquakes/feed/v1.0/detail/pr71535823.geojson","felt":null,"cdi":null,"mmi":null,"alert":null,"status":"reviewed","tsunami":0,"sig":129,"net":"pr","code":"71535823","ids":",pr71535823,","sources":",pr,","types":",origin,phase-data,","nst":14,"dmin":0.4004,"rms":0.3,"gap":224,"magType":"md","type":"earthquake","title":"M 2.9 - 42 km NW of San Antonio, Puerto Rico"},"geometry":{"type":"Point","coordinates":[-67.3246666666667,18.8148333333333,13.45]},"id":"pr71535823"},
{"type":"Feature","properties":{"mag":0.5,"place":"9 km WNW of Anza, CA","time":1791186620410,"updated":1791206821905,"tz":null,"url":"https://earthquake.usgs.gov/earthquakes/eventpage/ci41343391","detail":"https://earthquake.usgs.gov/earthquakes/feed/v1.0/detail/ci41343391.geojson","felt":null,"cdi":null,"mmi":null,"alert":null,"status":"reviewed","tsunami":0,"sig":4,"net":"ci","code":"41343391","ids":",ci41343391,","sources":",ci,","types":",nearby-cities,origin,phase-data,","nst":31,"dmin":0.009989,"rms":0.15,"gap":50,"magType":"ml","type":"earthquake","title":"M 0.5 - 9 km WNW of Anza, CA"},"geometry":{"type":"Point","coordinates":[-116.759833333333,33.5843333333333,11.77]},"id":"ci41343391"},
{"type":"Feature","properties":{"mag":0.97,"place":"3 km NE of Imperial Beach, CA","time":1791186519430,"updated":1791206825922,"tz":null,"url":"https://earthquake.usgs.gov/earthquakes/eventpage/ci41343383","detail":"https://earthquake.usgs.gov/earthquakes/feed/v1.0/detail/ci41343383.geojson","felt":null,"cdi":null,"mmi":null,"alert":null,"status":"reviewed","tsunami":0,"sig":14,"net":"ci","code":"41343383","ids":",ci41343383,","sources":",ci,","types":",nearby-cities,origin,phase-data,","nst":19,"dmin":0.09662,"rms":0.11,"gap":184,"magType":"ml","type":"earthquake","title":"M 1.0 - 3 km NE of Imperial Beach, CA"},"geometry":{"type":"Point","coordinates":[-117.0925,32.6015,11.78]},"id":"ci41343383"},
{"type":"Feature","properties":{"mag":2.2,"place":"64 km SE of Denali National Park, Alaska","time":1791186501955,"updated":1791186669404,"tz":null,"url":"https://earthquake.usgs.gov/earthquakes/eventpage/aka2026tsfrqx","detail":"https://earthquake.usgs.gov/earthquakes/feed/v1.0/detail/aka2026tsfrqx.geojson","felt":null,"cdi":null,"mmi":null,"alert":null,"status":"automatic","tsunami":0,"sig":74,"net":"ak","code":"a2026tsfrqx","ids":",aka2026tsfrqx,","sources":",ak,","types":",origin,phase-data,","nst":31,"dmin":0.7,"rms":0.5,"gap":86,"magType":"ml","type":"earthquake","title":"M 2.2 - 64 km SE of Denali National Park, Alaska"},"geometry":{"type":"Point","coordinates":[-150.732,63.178,128.1]},"id":"aka2026tsfrqx"},
{"type":"Feature","properties":{"mag":1.04,"place":"7 km W of Cobb, CA","time":1791186273500,"updated":1791186369222,"tz":null,"url":"https://earthquake.usgs.gov/earthquakes/eventpage/nc75444871","detail":"https://earthquake.usgs.gov/earthquakes/feed/v1.0/detail/nc75444871.geojson","felt":null,"cdi":null,"mmi":null,"alert":null,"status":"automatic","tsunami":0,"sig":17,"net":"nc","code":"75444871","ids":",nc75444871,","sources":",nc,","types":",nearby-cities,origin,phase-data,","nst":17,"dmin":0.009915,"rms":0.01,"gap":72,"magType":"md","type":"earthquake","title":"M 1.0 - 7 km W of Cobb, CA"},"geometry":{"type":"Point","coordinates":[-122.807830810547,38.8331680297852,2.1800000667572]},"id":"nc75444871"},
{"type":"Feature","properties":{"mag":1.3,"place":"8 km NW of The Geysers, CA","time":1791185970650,"updated":1791186181650,"tz":null,"url":"https://earthquake.usgs.gov/earthquakes/eventpage/nc75444866","detail":"https://earthquake.usgs.gov/earthquakes/feed/v1.0/detail/nc75444866.geojson","felt":null,"cdi":null,"mmi":null,"alert":null,"status":"automatic","tsunami":0,"sig":26,"net":"nc","code":"75444866","ids":",nc75444866,","sources":",nc,","types":",focal-mechanism,nearby-cities,origin,phase-data,","nst":27,"dmin":0.007069,"rms":0.02,"gap":46,"magType":"md","type":"earthquake","title":"M 1.3 - 8 km NW of The Geysers, CA"},"geometry":{"type":"Point","coordinates":[-122.813835144043,38.829833984375,1.77999997138977]},"id":"nc75444866"},
{"type":"Feature","properties":{"mag":1.9,"place":"17 km ESE of Pearsall, Texas","time":1791185779901,"updated":1791199500057,"tz":null,"url":"https://earthquake.usgs.gov/earthquakes/eventpage/tx2026tpbhbg","detail":"https://earthquake.usgs.gov/earthquakes/feed/v1.0/detail/tx2026tpbhbg.geojson","felt":null,"cdi":null,"mmi":null,"alert":null,"status":"reviewed","tsunami":0,"sig":56,"net":"tx","code":"2026tpbhbg","ids":",tx2026tpbhbg,","sources":",tx,","types":",origin,phase-data,","nst":34,"dmin":0.2,"rms":0.4,"gap":80,"magType":"ml","type":"earthquake","title":"M 1.9 - 17 km ESE of Pearsall, Texas"},"geometry":{"type":"Point","coordinates":[-98.933,28.827,7.1901]},"id":"tx2026tpbhbg"},
{"type":"Feature","properties":{"mag":1.9,"place":"29 km W of Aleneva, Alaska","time":1791184510317,"updated":1791184570974,"tz":null,"url":"https://earthquake.usgs.gov/earthquakes/eventpage/aka2026tseoxn","detail":"https://earthquake.usgs.gov/earthquakes/feed/v1.0/detail/aka2026tseoxn.geojson","felt":null,"cdi":null,"mmi":null,"alert":null,"status":"automatic","tsunami":0,"sig":56,"net":"ak","code":"a2026tseoxn","ids":",aka2026tseoxn,","sources":",ak,","types":",origin,phase-data,","nst":12,"dmin":0.5,"rms":0.3,"gap":162,"magType":"ml","type":"earthquake","title":"M 1.9 - 29 km W of Aleneva, Alaska"},"geometry":{"type":"Point","coordinates":[-153.412,58.046,58.1]},"id":"aka2026tseoxn"},
{"type":"Feature","properties":{"mag":4.9,"place":"Volcano Islands, Japan region","time":1791184418006,"updated":1791186032040,"tz":null,"url":"https://earthquake.usgs.gov/earthquakes/eventpage/us6000tzmt","detail":"https://earthquake.usgs.gov/earthquakes/feed/v1.0/detail/us6000tzmt.geojson","felt":null,"cdi":null,"mmi":null,"alert":null,"status":"reviewed","tsunami":0,"sig":369,"net":"us","code":"6000tzmt","ids":",us6000tzmt,","sources":",us,","types":",origin,phase-data,","nst":99,"dmin":7.752,"rms":0.57,"gap":96,"magType":"mb","type":"earthquake","title":"M 4.9 - Volcano Islands, Japan region"},"geometry":{"type":"Point","coordinates":[144.0442,22.8488,35]},"id":"us6000tzmt"},
{"type":"Feature","properties":{"mag":0.75,"place":"3 km NW of The Geysers, CA","time":1791183973370,"updated":1791184069053,"tz":null,"url":"https://earthquake.usgs.gov/earthquakes/eventpage/nc75444861","detail":"https://earthquake.usgs.gov/earthquakes/feed/v1.0/detail/nc75444861.geojson","felt":null,"cdi":null,"mmi":null,"alert":null,"status":"automatic","tsunami":0,"sig":9,"net":"nc","code":"75444861","ids":",nc75444861,","sources":",nc,","types":",nearby-cities,origin,phase-data,","nst":17,"dmin":0.004186,"rms":0.02,"gap":81,"magType":"md","type":"earthquake","title":"M 0.8 - 3 km NW of The Geysers, CA"},"geometry":{"type":"Point","coordinates":[-122.782997131348,38.7948341369629,3.40000009536743]},"id":"nc75444861"},
{"type":"Feature","properties":{"mag":1.6,"place":"14 km ESE of Pearsall, Texas","time":1791183377089,"updated":1791200114178,"tz":null,"url":"https://earthquake.usgs.gov/earthquakes/eventpage/tx2026tozylo","detail":"https://earthquake.usgs.gov/earthquakes/feed/v1.0/detail/tx2026tozylo.geojson","felt":null,"cdi":null,"mmi":null,"alert":null,"status":"reviewed","tsunami":0,"sig":39,"net":"tx","code":"2026tozylo","ids":",tx2026tozylo,","sources":",tx,","types":",origin,phase-data,","nst":18,"dmin":0.1,"rms":0.4,"gap":84,"magType":"ml","type":"earthquake","title":"M 1.6 - 14 km ESE of Pearsall, Texas"},"geometry":{"type":"Point","coordinates":[-98.949,28.855,5.38]},"id":"tx2026tozylo"},
{"type":"Feature","properties":{"mag":0.7,"place":"19 km ESE of Anza, CA","time":1791183363860,"updated":1791206838796,"tz":null,"url":"https://earthquake.usgs.gov/earthquakes/eventpage/ci41343375","detail":"https://earthquake.usgs.gov/earthquakes/feed/v1.0/detail/ci41343375.geojson","felt":null,"cdi":null,"mmi":null,"alert":null,"status":"reviewed","tsunami":0,"sig":8,"net":"ci","code":"41343375","ids":",ci41343375,","sources":",ci,","types":",nearby-cities,origin,phase-data,","nst":51,"dmin":0.09186,"rms":0.19,"gap":33,"magType":"ml","type":"earthquake","title":"M 0.7 - 19 km ESE of Anza, CA"},"geometry":{"type":"Point","coordinates":[-116.494833333333,33.475,12.96]},"id":"ci41343375"},
{"type":"Feature","properties":{"mag":1.58,"place":"24 km ESE of Ocotillo Wells, CA","time":1791182539700,"updated":1791215739539,"tz":null,"url":"https://earthquake.usgs.gov/earthquakes/eventpage/ci41343367","detail":"https://earthquake.usgs.gov/earthquakes/feed/v1.0/detail/ci41343367.geojson","felt":null,"cdi":null,"mmi":null,"alert":null,"status":"reviewed","tsunami":0,"sig":38,"net":"ci","code":"41343367","ids":",ci41343367,","sources":",ci,","types":",focal-mechanism,nearby-cities,origin,phase-data,scitech-link,","nst":60,"dmin":0.08388,"rms":0.25,"gap":26,"magType":"ml","type":"earthquake","title":"M 1.6 - 24 km ESE of Ocotillo Wells, CA"},"geometry":{"type":"Point","coordinates":[-115.8945,33.058,5.13]},"id":"ci41343367"},
{"type":"Feature","properties":{"mag":2.1,"place":"16 km SSE of Fox River, Alaska","time":1791181622776,"updated":1791181810061,"tz":null,"url":"https://earthquake.usgs.gov/earthquakes/eventpage/aka2026tsczai","detail":"https://earthquake.usgs.gov/earthquakes/feed/v1.0/detail/aka2026tsczai.geojson","felt":null,"cdi":null,"mmi":null,"alert":null,"status":"automatic","tsunami":0,"sig":68,"net":"ak","code":"a2026tsczai","ids":",aka2026tsczai,","sources":",ak,","types":",origin,phase-data,","nst":46,"dmin":0,"rms":0.7,"gap":138,"magType":"ml","type":"earthquake","title":"M 2.1 - 16 km SSE of Fox River, Alaska"},"geometry":{"type":"Point","coordinates":[-150.811,59.735,47.7]},"id":"aka2026tsczai"},
{"type":"Feature","properties":{"mag":1.03,"place":"5 km SE of Loma Linda, CA","time":1791181228820,"updated":1791207424412,"tz":null,"url":"https://earthquake.usgs.gov/earthquakes/eventpage/ci41343359","detail":"https://earthquake.usgs.gov/earthquakes/feed/v1.0/detail/ci41343359.geojson","felt":null,"cdi":null,"mmi":null,"alert":null,"status":"reviewed","tsunami":0,"sig":16,"net":"ci","code":"41343359","ids":",ci41343359,","sources":",ci,","types":",nearby-cities,origin,phase-data,","nst":59,"dmin":0.08374,"rms":0.13,"gap":26,"magType":"ml","type":"earthquake","title":"M 1.0 - 5 km SE of Loma Linda, CA"},"geometry":{"type":"Point","coordinates":[-117.226333333333,34.0185,16.76]},"id":"ci41343359"},
{"type":"Feature","properties":{"mag":2.6,"place":"27 km NNW of Pāhala, Hawaii","time":1791181081266,"updated":1791190350040,"tz":null,"url":"https://earthquake.usgs.gov/earthquakes/eventpage/us6000tzmj","detail":"https://earthquake.usgs.gov/earthquakes/feed/v1.0/detail/us6000tzmj.geojson","felt":null,"cdi":null,"mmi":null,"alert":null,"status":"reviewed","tsunami":0,"sig":104,"net":"us","code":"6000tzmj","ids":",us6000tzmj,","sources":",us,","types":",origin,phase-data,","nst":22,"dmin":0.036,"rms":0.17,"gap":85,"magType":"ml","type":"earthquake","title":"M 2.6 - 27 km NNW of Pāhala, Hawaii"},"geometry":{"type":"Point","coordinates":[-155.5697,19.4406,35]},"id":"us6000tzmj"},
{"type":"Feature","properties":{"mag":2.12,"place":"4 km SE of La Parguera, Puerto Rico","time":1791181060600,"updated":1791181668510,"tz":null,"url":"https://earthquake.usgs.gov/earthquakes/eventpage/pr71535818","detail":"https://earthquake.usgs.gov/earthquakes/feed/v1.0/detail/pr71535818.geojson","felt":null,"cdi":null,"mmi":null,"alert":null,"status":"reviewed","tsunami":0,"sig":69,"net":"pr","code":"71535818","ids":",pr71535818,","sources":",pr,","types":",origin,phase-data,","nst":6,"dmin":0.03136,"rms":0.11,"gap":225,"magType":"md","type":"earthquake","title":"M 2.1 - 4 km SE of La Parguera, Puerto Rico"},"geometry":{"type":"Point","coordinates":[-67.0188333333333,17.9493333333333,4.15]},"id":"pr71535818"},
{"type":"Feature","properties":{"mag":4.8,"place":"191 km ESE of Sarangani, Philippines","time":1791180855888,"updated":1791182440040,"tz":null,"url":"https://earthquake.usgs.gov/earthquakes/eventpage/us6000tzmk","detail":"https://earthquake.usgs.gov/earthquakes/feed/v1.0/detail/us6000tzmk.geojson","felt":null,"cdi":null,"mmi":null,"alert":null,"status":"reviewed","tsunami":0,"sig":354,"net":"us","code":"6000tzmk","ids":",us6000tzmk,","sources":",us,","types":",origin,phase-data,","nst":65,"dmin":2.891,"rms":0.66,"gap":85,"magType":"mb","type":"earthquake","title":"M 4.8 - 191 km ESE of Sarangani, Philippines"},"geometry":{"type":"Point","coordinates":[126.9394,4.4975,51.291]},"id":"us6000tzmk"},
{"type":"Feature","properties":{"mag":1.52,"place":"13 km NE of Coso Junction, CA","time":1791180697790,"updated":1791215106825,"tz":null,"url":"https://earthquake.usgs.gov/earthquakes/eventpage/ci41343351","detail":"https://earthquake.usgs.gov/earthquakes/feed/v1.0/detail/ci41343351.geojson","felt":null,"cdi":null,"mmi":null,"alert":null,"status":"reviewed","tsunami":0,"sig":36,"net":"ci","code":"41343351","ids":",ci41343351,","sources":",ci,","types":",nearby-cities,origin,phase-data,scitech-link,","nst":30,"dmin":0.07844,"rms":0.15,"gap":43,"magType":"ml","type":"earthquake","title":"M 1.5 - 13 km NE of Coso Junction, CA"},"geometry":{"type":"Point","coordinates":[-117.868,36.1415,3.65]},"id":"ci41343351"},
{"type":"Feature","properties":{"mag":2.46,"place":"17 km NNE of Isabela, Puerto Rico","time":1791180123830,"updated":1791181919240,"tz":null,"url":"https://earthquake.usgs.gov/earthquakes/eventpage/pr71535793","detail":"https://earthquake.usgs.gov/earthquakes/feed/v1.0/detail/pr71535793.geojson","felt":null,"cdi":null,"mmi":null,"alert":null,"status":"reviewed","tsunami":0,"sig":93,"net":"pr","code":"71535793","ids":",pr71535793,","sources":",pr,","types":",origin,phase-data,","nst":12,"dmin":0.1698,"rms":0.16,"gap":253,"magType":"md","type":"earthquake","title":"M 2.5 - 17 km NNE of Isabela, Puerto Rico"},"geometry":{"type":"Point","coordinates":[-66.9353333333333,18.6348333333333,21.28]},"id":"pr71535793"},
{"type":"Feature","properties":{"mag":1.74,"place":"12 km S of Fern Forest, Hawaii","time":1791179862960,"updated":1791180077860,"tz":null,"url":"https://earthquake.usgs.gov/earthquakes/eventpage/hv75050032","detail":"https://earthquake.usgs.gov/earthquakes/feed/v1.0/detail/hv75050032.geojson","felt":null,"cdi":null,"mmi":null,"alert":null,"status":"automatic","tsunami":0,"sig":47,"net":"hv","code":"75050032","ids":",hv75050032,","sources":",hv,","types":",origin,phase-data,","nst":23,"dmin":0.03919,"rms":0.209999993,"gap":111,"magType":"md","type":"earthquake","title":"M 1.7 - 12 km S of Fern Forest, Hawaii"},"geometry":{"type":"Point","coordinates":[-155.143173217773,19.3488330841064,4.57000017166138]},"id":"hv75050032"},
{"type":"Feature","properties":{"mag":1.7,"place":"29 km WNW of Tyonek, Alaska","time":1791179053594,"updated":1791179159923,"tz":null,"url":"https://earthquake.usgs.gov/earthquakes/eventpage/aka2026tsbnyn","detail":"https://earthquake.usgs.gov/earthquakes/feed/v1.0/detail/aka2026tsbnyn.geojson","felt":null,"cdi":null,"mmi":null,"alert":null,"status":"automatic","tsunami":0,"sig":44,"net":"ak","code":"a2026tsbnyn","ids":",aka2026tsbnyn,","sources":",ak,","types":",origin,phase-data,","nst":28,"dmin":0.2,"rms":0.7,"gap":59,"magType":"ml","type":"earthquake","title":"M 1.7 - 29 km WNW of Tyonek, Alaska"},"geometry":{"type":"Point","coordinates":[-151.664,61.136,86.8]},"id":"aka2026tsbnyn"},
{"type":"Feature","properties":{"mag":2,"place":"24 km WNW of Petersville, Alaska","time":1791178504185,"updated":1791178624592,"tz":null,"url":"https://earthquake.usgs.gov/earthquakes/eventpage/aka2026tsbgab","detail":"https://earthquake.usgs.gov/earthquakes/feed/v1.0/detail/aka2026tsbgab.geojson","felt":null,"cdi":null,"mmi":null,"alert":null,"status":"automatic","tsunami":0,"sig":62,"net":"ak","code":"a2026tsbgab","ids":",aka2026tsbgab,","sources":",ak,","types":",origin,phase-data,","nst":25,"dmin":0.2,"rms":0.7,"gap":97,"magType":"ml","type":"earthquake","title":"M 2.0 - 24 km WNW of Petersville, Alaska"},"geometry":{"type":"Point","coordinates":[-151.207,62.587,87.4]},"id":"aka2026tsbgab"},
{"type":"Feature","properties":{"mag":5,"place":"71 km E of ‘Ohonua, Tonga","time":1791178004808,"updated":1791179210040,"tz":null,"url":"https://earthquake.usgs.gov/earthquakes/eventpage/us6000tzme","detail":"https://earthquake.usgs.gov/earthquakes/feed/v1.0/detail/us6000tzme.geojson","felt":null,"cdi":null,"mmi":null,"alert":null,"status":"reviewed","tsunami":0,"sig":385,"net":"us","code":"6000tzme","ids":",us6000tzme,","sources":",us,","types":",origin,phase-data,","nst":55,"dmin":21.03,"rms":0.54,"gap":69,"magType":"mb","type":"earthquake","title":"M 5.0 - 71 km E of ‘Ohonua, Tonga"},"geometry":{"type":"Point","coordinates":[-174.2679,-21.4208,10]},"id":"us6000tzme"},
{"type":"Feature","properties":{"mag":1.51,"place":"1 km NW of Loma Linda, CA","time":1791177888230,"updated":1791214639910,"tz":null,"url":"https://earthquake.usgs.gov/earthquakes/eventpage/ci41343343","detail":"https://earthquake.usgs.gov/earthquakes/feed/v1.0/detail/ci41343343.geojson","felt":null,"cdi":null,"mmi":null,"alert":null,"status":"reviewed","tsunami":0,"sig":35,"net":"ci","code":"41343343","ids":",ci41343343,","sources":",ci,","types":",focal-mechanism,nearby-cities,origin,phase-data,scitech-link,","nst":98,"dmin":0.05237,"rms":0.18,"gap":23,"magType":"ml","type":"earthquake","title":"M 1.5 - 1 km NW of Loma Linda, CA"},"geometry":{"type":"Point","coordinates":[-117.267333333333,34.0545,17.25]},"id":"ci41343343"},
{"type":"Feature","properties":{"mag":1.9,"place":"53 km ESE of Pedro Bay, Alaska","time":1791177818414,"updated":1791177939850,"tz":null,"url":"https://earthquake.usgs.gov/earthquakes/eventpage/aka2026tsawar","detail":"https://earthquake.usgs.gov/earthquakes/feed/v1.0/detail/aka2026tsawar.geojson","felt":null,"cdi":null,"mmi":null,"alert":null,"status":"automatic","tsunami":0,"sig":56,"net":"ak","code":"a2026tsawar","ids":",aka2026tsawar,","sources":",ak,","types":",origin,phase-data,","nst":46,"dmin":0.2,"rms":0.5,"gap":84,"magType":"ml","type":"earthquake","title":"M 1.9 - 53 km ESE of Pedro Bay, Alaska"},"geometry":{"type":"Point","coordinates":[-153.183,59.678,107.2]},"id":"aka2026tsawar"},
{"type":"Feature","properties":{"mag":0.72,"place":"3 km ESE of The Geysers, CA","time":1791177730310,"updated":1791177828049,"tz":null,"url":"https://earthquake.usgs.gov/earthquakes/eventpage/nc75444826","detail":"https://earthquake.usgs.gov/earthquakes/feed/v1.0/detail/nc75444826.geojson","felt":null,"cdi":null,"mmi":null,"alert":null,"status":"automatic","tsunami":0,"sig":8,"net":"nc","code":"75444826","ids":",nc75444826,","sources":",nc,","types":",nearby-cities,origin,phase-data,","nst":6,"dmin":0.007879,"rms":0.08,"gap":116,"magType":"md","type":"earthquake","title":"M 0.7 - 3 km ESE of The Geysers, CA"},"geometry":{"type":"Point","coordinates":[-122.728332519531,38.7690010070801,9.90999984741211]},"id":"nc75444826"},
{"type":"Feature","properties":{"mag":2.3,"place":"38 km NNE of Toms Place, CA","time":1791177622570,"updated":1791179543744,"tz":null,"url":"https://earthquake.usgs.gov/earthquakes/eventpage/nc75444821","detail":"https://earthquake.usgs.gov/earthquakes/feed/v1.0/detail/nc75444821.geojson","felt":null,"cdi":null,"mmi":null,"alert":null,"status":"automatic","tsunami":0,"sig":81,"net":"nc","code":"75444821","ids":",nc75444821,nn00925290,","sources":",nc,nn,","types":",nearby-cities,origin,phase-data,scitech-link,","nst":23,"dmin":0.2995,"rms":0.15,"gap":153,"magType":"md","type":"earthquake","title":"M 2.3 - 38 km NNE of Toms Place, CA"},"geometry":{"type":"Point","coordinates":[-118.539497375488,37.8839988708496,14.3900003433228]},"id":"nc75444821"},
{"type":"Feature","properties":{"mag":0.23,"place":"1 km SSW of Lake Henshaw, CA","time":1791177519790,"updated":1791207126757,"tz":null,"url":"https://earthquake.usgs.gov/earthquakes/eventpage/ci41343327","detail":"https://earthquake.usgs.gov/earthquakes/feed/v1.0/detail/ci41343327.geojson","felt":null,"cdi":null,"mmi":null,"alert":null,"status":"reviewed","tsunami":0,"sig":1,"net":"ci","code":"41343327","ids":",ci41343327,","sources":",ci,","types":",nearby-cities,origin,phase-data,","nst":30,"dmin":0.1062,"rms":0.15,"gap":45,"magType":"ml","type":"earthquake","title":"M 0.2 - 1 km SSW of Lake Henshaw, CA"},"geometry":{"type":"Point","coordinates":[-116.766666666667,33.2346666666667,13.15]},"id":"ci41343327"},
{"type":"Feature","properties":{"mag":2.37,"place":"38 km NNE of Toms Place, CA","time":1791177104750,"updated":1791178343615,"tz":null,"url":"https://earthquake.usgs.gov/earthquakes/eventpage/nc75444816","detail":"https://earthquake.usgs.gov/earthquakes/feed/v1.0/detail/nc75444816.geojson","felt":null,"cdi":null,"mmi":null,"alert":null,"status":"automatic","tsunami":0,"sig":86,"net":"nc","code":"75444816","ids":",nc75444816,nn00925286,","sources":",nc,nn,","types":",nearby-cities,origin,phase-data,scitech-link,","nst":23,"dmin":0.3002,"rms":0.13,"gap":153,"magType":"md","type":"earthquake","title":"M 2.4 - 38 km NNE of Toms Place, CA"},"geometry":{"type":"Point","coordinates":[-118.542167663574,37.8871650695801,15.0299997329712]},"id":"nc75444816"},
{"type":"Feature","properties":{"mag":0.87,"place":"3 km ESE of Berkeley, CA","time":1791176615170,"updated":1791176712822,"tz":null,"url":"https://earthquake.usgs.gov/earthquakes/eventpage/nc75444811","detail":"https://earthquake.usgs.gov/earthquakes/feed/v1.0/detail/nc75444811.geojson","felt":null,"cdi":null,"mmi":null,"alert":null,"status":"automatic","tsunami":0,"sig":12,"net":"nc","code":"75444811","ids":",nc75444811,","sources":",nc,","types":",nearby-cities,origin,phase-data,","nst":10,"dmin":0.00714,"rms":0.06,"gap":91,"magType":"md","type":"earthquake","title":"M 0.9 - 3 km ESE of Berkeley, CA"},"geometry":{"type":"Point","coordinates":[-122.24666595459,37.8660011291504,4.48999977111816]},"id":"nc75444811"},
{"type":"Feature","properties":{"mag":0.83,"place":"6 km WNW of Cobb, CA","time":1791175414740,"updated":1791175513758,"tz":null,"url":"https://earthquake.usgs.gov/earthquakes/eventpage/nc75444806","detail":"https://earthquake.usgs.gov/earthquakes/feed/v1.0/detail/nc75444806.geojson","felt":null,"cdi":null,"mmi":null,"alert":null,"status":"automatic","tsunami":0,"sig":11,"net":"nc","code":"75444806","ids":",nc75444806,","sources":",nc,","types":",nearby-cities,origin,phase-data,","nst":10,"dmin":0.01395,"rms":0.01,"gap":84,"magType":"md","type":"earthquake","title":"M 0.8 - 6 km WNW of Cobb, CA"},"geometry":{"type":"Point","coordinates":[-122.792663574219,38.8368339538574,1.79999995231628]},"id":"nc75444806"},
{"type":"Feature","properties":{"mag":1.7,"place":"102 km W of Skwentna, Alaska","time":1791175199006,"updated":1791175289447,"tz":null,"url":"https://earthquake.usgs.gov/earthquakes/eventpage/aka2026trzkej","detail":"https://earthquake.usgs.gov/earthquakes/feed/v1.0/detail/aka2026trzkej.geojson","felt":null,"cdi":null,"mmi":null,"alert":null,"status":"automatic","tsunami":0,"sig":44,"net":"ak","code":"a2026trzkej","ids":",aka2026trzkej,","sources":",ak,","types":",origin,phase-data,","nst":9,"dmin":0.8,"rms":0.8,"gap":213,"magType":"ml","type":"earthquake","title":"M 1.7 - 102 km W of Skwentna, Alaska"},"geometry":{"type":"Point","coordinates":[-153.335,62.093,60]},"id":"aka2026trzkej"},
{"type":"Feature","properties":{"mag":0.56,"place":"4 km WSW of Anza, CA","time":1791174512140,"updated":1791207158700,"tz":null,"url":"https://earthquake.usgs.gov/earthquakes/eventpage/ci41343311","detail":"https://earthquake.usgs.gov/earthquakes/feed/v1.0/detail/ci41343311.geojson","felt":null,"cdi":null,"mmi":null,"alert":null,"status":"reviewed","tsunami":0,"sig":5,"net":"ci","code":"41343311","ids":",ci41343311,","sources":",ci,","types":",focal-mechanism,nearby-cities,origin,phase-data,","nst":36,"dmin":0.03824,"rms":0.16,"gap":31,"magType":"ml","type":"earthquake","title":"M 0.6 - 4 km WSW of Anza, CA"},"geometry":{"type":"Point","coordinates":[-116.707666666667,33.5361666666667,5.49]},"id":"ci41343311"},
{"type":"Feature","properties":{"mag":2.09,"place":"0 km NNW of Maria Antonia, Puerto Rico","time":1791174000390,"updated":1791174685420,"tz":null,"url":"https://earthquake.usgs.gov/earthquakes/eventpage/pr71535778","detail":"https://earthquake.usgs.gov/earthquakes/feed/v1.0/detail/pr71535778.geojson","felt":null,"cdi":null,"mmi":null,"alert":null,"status":"reviewed","tsunami":0,"sig":67,"net":"pr","code":"71535778","ids":",pr71535778,","sources":",pr,","types":",origin,phase-data,","nst":7,"dmin":0.01436,"rms":0.07,"gap":140,"magType":"md","type":"earthquake","title":"M 2.1 - 0 km NNW of Maria Antonia, Puerto Rico"},"geometry":{"type":"Point","coordinates":[-66.8915,17.9835,13.88]},"id":"pr71535778"},
{"type":"Feature","properties":{"mag":4.5,"place":"Kuril Islands","time":1791173783636,"updated":1791174967040,"tz":null,"url":"https://earthquake.usgs.gov/earthquakes/eventpage/us6000tzm7","detail":"https://earthquake.usgs.gov/earthquakes/feed/v1.0/detail/us6000tzm7.geojson","felt":null,"cdi":null,"mmi":null,"alert":null,"status":"reviewed","tsunami":0,"sig":312,"net":"us","code":"6000tzm7","ids":",us6000tzm7,","sources":",us,","types":",origin,phase-data,","nst":41,"dmin":6.373,"rms":0.94,"gap":136,"magType":"mb","type":"earthquake","title":"M 4.5 - Kuril Islands"},"geometry":{"type":"Point","coordinates":[151.8684,45.953,35]},"id":"us6000tzm7"},
{"type":"Feature","properties":{"mag":1.37,"place":"6 km WNW of Yountville, CA","time":1791173210090,"updated":1791175042240,"tz":null,"url":"https://earthquake.usgs.gov/earthquakes/eventpage/nc75444796","detail":"https://earthquake.usgs.gov/earthquakes/feed/v1.0/detail/nc75444796.geojson","felt":null,"cdi":null,"mmi":null,"alert":null,"status":"automatic","tsunami":0,"sig":29,"net":"nc","code":"75444796","ids":",nc75444796,","sources":",nc,","types":",nearby-cities,origin,phase-data,scitech-link,","nst":10,"dmin":0.0173,"rms":0.12,"gap":152,"magType":"md","type":"earthquake","title":"M 1.4 - 6 km WNW of Yountville, CA"},"geometry":{"type":"Point","coordinates":[-122.426002502441,38.4179992675781,6.98999977111816]},"id":"nc75444796"},
{"type":"Feature","properties":{"mag":0.73,"place":"9 km WNW of The Geysers, CA","time":1791172917310,"updated":1791173013297,"tz":null,"url":"https://earthquake.usgs.gov/earthquakes/eventpage/nc75444791","detail":"https://earthquake.usgs.gov/earthquakes/feed/v1.0/detail/nc75444791.geojson","felt":null,"cdi":null,"mmi":null,"alert":null,"status":"automatic","tsunami":0,"sig":8,"net":"nc","code":"75444791","ids":",nc75444791,","sources":",nc,","types":",nearby-cities,origin,phase-data,","nst":11,"dmin":0.006823,"rms":0.03,"gap":88,"magType":"md","type":"earthquake","title":"M 0.7 - 9 km WNW of The Geysers, CA"},"geometry":{"type":"Point","coordinates":[-122.842002868652,38.8190002441406,2.11999988555908]},"id":"nc75444791"},
{"type":"Feature","properties":{"mag":0.62,"place":"18 km ESE of Little Lake, CA","time":1791172450980,"updated":1791207158227,"tz":null,"url":"https://earthquake.usgs.gov/earthquakes/eventpage/ci41343303","detail":"https://earthquake.usgs.gov/earthquakes/feed/v1.0/detail/ci41343303.geojson","felt":null,"cdi":null,"mmi":null,"alert":null,"status":"reviewed","tsunami":0,"sig":6,"net":"ci","code":"41343303","ids":",ci41343303,","sources":",ci,","types":",nearby-cities,origin,phase-data,","nst":16,"dmin":0.07969,"rms":0.15,"gap":55,"magType":"ml","type":"earthquake","title":"M 0.6 - 18 km ESE of Little Lake, CA"},"geometry":{"type":"Point","coordinates":[-117.718,35.89,8.86]},"id":"ci41343303"},
{"type":"Feature","properties":{"mag":0.53,"place":"29 km ESE of West Yellowstone, Montana","time":1791171385540,"updated":1791208276350,"tz":null,"url":"https://earthquake.usgs.gov/earthquakes/eventpage/uu80158591","detail":"https://earthquake.usgs.gov/earthquakes/feed/v1.0/detail/uu80158591.geojson","felt":null,"cdi":null,"mmi":null,"alert":null,"status":"reviewed","tsunami":0,"sig":4,"net":"uu","code":"80158591","ids":",uu80158591,","sources":",uu,","types":",origin,phase-data,","nst":13,"dmin":0.07476,"rms":0.12,"gap":148,"magType":"md","type":"earthquake","title":"M 0.5 - 29 km ESE of West Yellowstone, Montana"},"geometry":{"type":"Point","coordinates":[-110.744,44.5853333333333,8.23]},"id":"uu80158591"},
{"type":"Feature","properties":{"mag":0.51,"place":"29 km ESE of West Yellowstone, Montana","time":1791171248080,"updated":1791208438240,"tz":null,"url":"https://earthquake.usgs.gov/earthquakes/eventpage/uu80158586","detail":"https://earthquake.usgs.gov/earthquakes/feed/v1.0/detail/uu80158586.geojson","felt":null,"cdi":null,"mmi":null,"alert":null,"status":"reviewed","tsunami":0,"sig":4,"net":"uu","code":"80158586","ids":",uu80158586,","sources":",uu,","types":",origin,phase-data,","nst":14,"dmin":0.07905,"rms":0.15,"gap":145,"magType":"md","type":"earthquake","title":"M 0.5 - 29 km ESE of West Yellowstone, Montana"},"geometry":{"type":"Point","coordinates":[-110.748666666667,44.5815,8.2]},"id":"uu80158586"},
{"type":"Feature","properties":{"mag":2.19,"place":"13 km ENE of Pāhala, Hawaii","time":1791170577580,"updated":1791170794820,"tz":null,"url":"https://earthquake.usgs.gov/earthquakes/eventpage/hv75049952","detail":"https://earthquake.usgs.gov/earthquakes/feed/v1.0/detail/hv75049952.geojson","felt":null,"cdi":null,"mmi":null,"alert":null,"status":"automatic","tsunami":0,"sig":74,"net":"hv","code":"75049952","ids":",hv75049952,","sources":",hv,","types":",origin,phase-data,","nst":46,"dmin":0.03512,"rms":0.119999997,"gap":135,"magType":"md","type":"earthquake","title":"M 2.2 - 13 km ENE of Pāhala, Hawaii"},"geometry":{"type":"Point","coordinates":[-155.372161865234,19.263334274292,32.2700004577637]},"id":"hv75049952"},
{"type":"Feature","properties":{"mag":1,"place":"89 km SE of King Salmon, Alaska","time":1791169986001,"updated":1791170021477,"tz":null,"url":"https://earthquake.usgs.gov/earthquakes/eventpage/aka2026trwmwc","detail":"https://earthquake.usgs.gov/earthquakes/feed/v1.0/detail/aka2026trwmwc.geojson","felt":null,"cdi":null,"mmi":null,"alert":null,"status":"automatic","tsunami":0,"sig":15,"net":"ak","code":"a2026trwmwc","ids":",aka2026trwmwc,","sources":",ak,","types":",origin,phase-data,","nst":8,"dmin":0,"rms":0.1,"gap":172,"magType":"ml","type":"earthquake","title":"M 1.0 - 89 km SE of King Salmon, Alaska"},"geometry":{"type":"Point","coordinates":[-155.508,58.163,5]},"id":"aka2026trwmwc"},
{"type":"Feature","properties":{"mag":0.81,"place":"3 km NW of The Geysers, CA","time":1791169862020,"updated":1791169959122,"tz":null,"url":"https://earthquake.usgs.gov/earthquakes/eventpage/nc75444776","detail":"https://earthquake.usgs.gov/earthquakes/feed/v1.0/detail/nc75444776.geojson","felt":null,"cdi":null,"mmi":null,"alert":null,"status":"automatic","tsunami":0,"sig":10,"net":"nc","code":"75444776","ids":",nc75444776,","sources":",nc,","types":",nearby-cities,origin,phase-data,","nst":14,"dmin":0.00758,"rms":0.01,"gap":79,"magType":"md","type":"earthquake","title":"M 0.8 - 3 km NW of The Geysers, CA"},"geometry":{"type":"Point","coordinates":[-122.778335571289,38.7919998168945,2.41000008583069]},"id":"nc75444776"},
{"type":"Feature","properties":{"mag":3,"place":"34 km NNE of San Juan, Puerto Rico","time":1791169670760,"updated":1791173451120,"tz":null,"url":"https://earthquake.usgs.gov/earthquakes/eventpage/pr71535773","detail":"https://earthquake.usgs.gov/earthquakes/feed/v1.0/detail/pr71535773.geojson","felt":null,"cdi":null,"mmi":null,"alert":null,"status":"reviewed","tsunami":0,"sig":138,"net":"pr","code":"71535773","ids":",pr71535773,","sources":",pr,","types":",origin,phase-data,","nst":4,"dmin":0.8033,"rms":0.11,"gap":347,"magType":"md","type":"earthquake","title":"M 3.0 - 34 km NNE of San Juan, Puerto Rico"},"geometry":{"type":"Point","coordinates":[-66.0351666666667,18.7735,42.84]},"id":"pr71535773"},
{"type":"Feature","properties":{"mag":2.91,"place":"65 km NE of Cruz Bay, U.S. Virgin Islands","time":1791169550670,"updated":1791172939890,"tz":null,"url":"https://earthquake.usgs.gov/earthquakes/eventpage/pr71535753","detail":"https://earthquake.usgs.gov/earthquakes/feed/v1.0/detail/pr71535753.geojson","felt":null,"cdi":null,"mmi":null,"alert":null,"status":"reviewed","tsunami":0,"sig":130,"net":"pr","code":"71535753","ids":",pr71535753,","sources":",pr,","types":",origin,phase-data,","nst":10,"dmin":0.3267,"rms":0.19,"gap":278,"magType":"md","type":"earthquake","title":"M 2.9 - 65 km NE of Cruz Bay, U.S. Virgin Islands"},"geometry":{"type":"Point","coordinates":[-64.437,18.817,23.55]},"id":"pr71535753"},
{"type":"Feature","properties":{"mag":3.25,"place":"13 km N of Ovando, Montana","time":1791167694630,"updated":1791211342868,"tz":null,"url":"https://earthquake.usgs.gov/earthquakes/eventpage/mb90210028","detail":"https://earthquake.usgs.gov/earthquakes/feed/v1.0/detail/mb90210028.geojson","felt":3,"cdi":3.4,"mmi":null,"alert":null,"status":"reviewed","tsunami":0,"sig":164,"net":"mb","code":"90210028","ids":",mb90210028,","sources":",mb,","types":",dyfi,origin,phase-data,","nst":44,"dmin":0.2434,"rms":0.26,"gap":79,"magType":"ml","type":"earthquake","title":"M 3.3 - 13 km N of Ovando, Montana"},"geometry":{"type":"Point","coordinates":[-113.108,47.1368333333333,5]},"id":"mb90210028"},
{"type":"Feature","properties":{"mag":1.76,"place":"5 km WNW of Round Valley, California","time":1791167610047,"updated":1791167774516,"tz":null,"url":"https://earthquake.usgs.gov/earthquakes/eventpage/nn00925285","detail":"https://earthquake.usgs.gov/earthquakes/feed/v1.0/detail/nn00925285.geojson","felt":null,"cdi":null,"mmi":null,"alert":null,"status":"automatic","tsunami":0,"sig":48,"net":"nn","code":"00925285","ids":",nn00925285,","sources":",nn,","types":",origin,phase-data,","nst":10,"dmin":0.241,"rms":0.1693,"gap":194,"magType":"ml","type":"earthquake","title":"M 1.8 - 5 km WNW of Round Valley, California"},"geometry":{"type":"Point","coordinates":[-118.6433,37.4441,9.3015]},"id":"nn00925285"},
{"type":"Feature","properties":{"mag":0.36,"place":"10 km WNW of The Geysers, CA","time":1791167274570,"updated":1791167373870,"tz":null,"url":"https://earthquake.usgs.gov/earthquakes/eventpage/nc75444756","detail":"https://earthquake.usgs.gov/earthquakes/feed/v1.0/detail/nc75444756.geojson","felt":null,"cdi":null,"mmi":null,"alert":null,"status":"automatic","tsunami":0,"sig":2,"net":"nc","code":"75444756","ids":",nc75444756,","sources":",nc,","types":",nearby-cities,origin,phase-data,","nst":12,"dmin":0.002357,"rms":0.04,"gap":151,"magType":"md","type":"earthquake","title":"M 0.4 - 10 km WNW of The Geysers, CA"},"geometry":{"type":"Point","coordinates":[-122.853996276855,38.826831817627,2.05999994277954]},"id":"nc75444756"},
{"type":"Feature","properties":{"mag":4.2,"place":"111 km S of Dampit, Indonesia","time":1791166591883,"updated":1791171504013,"tz":null,"url":"https://earthquake.usgs.gov/earthquakes/eventpage/us6000tzlz","detail":"https://earthquake.usgs.gov/earthquakes/feed/v1.0/detail/us6000tzlz.geojson","felt":1,"cdi":1,"mmi":null,"alert":null,"status":"reviewed","tsunami":0,"sig":271,"net":"us","code":"6000tzlz","ids":",us6000tzlz,","sources":",us,","types":",dyfi,origin,phase-data,","nst":18,"dmin":7.235,"rms":0.56,"gap":79,"magType":"mb","type":"earthquake","title":"M 4.2 - 111 km S of Dampit, Indonesia"},"geometry":{"type":"Point","coordinates":[112.9221,-9.2033,51.442]},"id":"us6000tzlz"},
{"type":"Feature","properties":{"mag":1.09,"place":"39 km E of Hydesville, CA","time":1791166416760,"updated":1791166512558,"tz":null,"url":"https://earthquake.usgs.gov/earthquakes/eventpage/nc75444746","detail":"https://earthquake.usgs.gov/earthquakes/feed/v1.0/detail/nc75444746.geojson","felt":null,"cdi":null,"mmi":null,"alert":null,"status":"automatic","tsunami":0,"sig":18,"net":"nc","code":"75444746","ids":",nc75444746,","sources":",nc,","types":",nearby-cities,origin,phase-data,","nst":6,"dmin":0.05177,"rms":0.13,"gap":169,"magType":"md","type":"earthquake","title":"M 1.1 - 39 km E of Hydesville, CA"},"geometry":{"type":"Point","coordinates":[-123.640663146973,40.4843330383301,16.4200000762939]},"id":"nc75444746"},
{"type":"Feature","properties":{"mag":1.8,"place":"14 km ESE of Pearsall, Texas","time":1791166002271,"updated":1791199791694,"tz":null,"url":"https://earthquake.usgs.gov/earthquakes/eventpage/tx2026toqjaf","detail":"https://earthquake.usgs.gov/earthquakes/feed/v1.0/detail/tx2026toqjaf.geojson","felt":null,"cdi":null,"mmi":null,"alert":null,"status":"reviewed","tsunami":0,"sig":50,"net":"tx","code":"2026toqjaf","ids":",tx2026toqjaf,","sources":",tx,","types":",origin,phase-data,","nst":21,"dmin":0.1,"rms":0.4,"gap":85,"magType":"ml","type":"earthquake","title":"M 1.8 - 14 km ESE of Pearsall, Texas"},"geometry":{"type":"Point","coordinates":[-98.956,28.849,6.1022]},"id":"tx2026toqjaf"},
{"type":"Feature","properties":{"mag":0.85,"place":"22 km ESE of Anza, CA","time":1791165634810,"updated":1791207166459,"tz":null,"url":"https://earthquake.usgs.gov/earthquakes/eventpage/ci41343295","detail":"https://earthquake.usgs.gov/earthquakes/feed/v1.0/detail/ci41343295.geojson","felt":null,"cdi":null,"mmi":null,"alert":null,"status":"reviewed","tsunami":0,"sig":11,"net":"ci","code":"41343295","ids":",ci41343295,","sources":",ci,","types":",nearby-cities,origin,phase-data,","nst":53,"dmin":0.1178,"rms":0.22,"gap":38,"magType":"ml","type":"earthquake","title":"M 0.9 - 22 km ESE of Anza, CA"},"geometry":{"type":"Point","coordinates":[-116.466,33.4645,3.05]},"id":"ci41343295"},
{"type":"Feature","properties":{"mag":1.9,"place":"61 km SSW of Whites City, New Mexico","time":1791165585474,"updated":1791186203303,"tz":null,"url":"https://earthquake.usgs.gov/earthquakes/eventpage/tx2026toqcsq","detail":"https://earthquake.usgs.gov/earthquakes/feed/v1.0/detail/tx2026toqcsq.geojson","felt":null,"cdi":null,"mmi":null,"alert":null,"status":"reviewed","tsunami":0,"sig":56,"net":"tx","code":"2026toqcsq","ids":",tx2026toqcsq,","sources":",tx,","types":",origin,phase-data,","nst":29,"dmin":0,"rms":0.2,"gap":74,"magType":"ml","type":"earthquake","title":"M 1.9 - 61 km SSW of Whites City, New Mexico"},"geometry":{"type":"Point","coordinates":[-104.516,31.635,6.2537]},"id":"tx2026toqcsq"},
{"type":"Feature","properties":{"mag":2.8,"place":"22 km NNE of Yerington, Nevada","time":1791165351530,"updated":1791218645297,"tz":null,"url":"https://earthquake.usgs.gov/earthquakes/eventpage/nn00925282","detail":"https://earthquake.usgs.gov/earthquakes/feed/v1.0/detail/nn00925282.geojson","felt":1,"cdi":2,"mmi":null,"alert":null,"status":"reviewed","tsunami":0,"sig":121,"net":"nn","code":"00925282","ids":",nn00925282,us6000tzlu,","sources":",nn,us,","types":",dyfi,origin,phase-data,","nst":29,"dmin":0.087,"rms":0.1424,"gap":70,"magType":"ml","type":"earthquake","title":"M 2.8 - 22 km NNE of Yerington, Nevada"},"geometry":{"type":"Point","coordinates":[-119.0434,39.1649,6.445]},"id":"nn00925282"},
{"type":"Feature","properties":{"mag":0.41,"place":"20 km ESE of Anza, CA","time":1791164513370,"updated":1791207162359,"tz":null,"url":"https://earthquake.usgs.gov/earthquakes/eventpage/ci41343279","detail":"https://earthquake.usgs.gov/earthquakes/feed/v1.0/detail/ci41343279.geojson","felt":null,"cdi":null,"mmi":null,"alert":null,"status":"reviewed","tsunami":0,"sig":3,"net":"ci","code":"41343279","ids":",ci41343279,","sources":",ci,","types":",nearby-cities,origin,phase-data,","nst":29,"dmin":0.1198,"rms":0.22,"gap":75,"magType":"ml","type":"earthquake","title":"M 0.4 - 20 km ESE of Anza, CA"},"geometry":{"type":"Point","coordinates":[-116.459833333333,33.509,3.47]},"id":"ci41343279"},
{"type":"Feature","properties":{"mag":1.9,"place":"60 km SSW of Whites City, New Mexico","time":1791163650039,"updated":1791186816223,"tz":null,"url":"https://earthquake.usgs.gov/earthquakes/eventpage/tx2026topbej","detail":"https://earthquake.usgs.gov/earthquakes/feed/v1.0/detail/tx2026topbej.geojson","felt":null,"cdi":null,"mmi":null,"alert":null,"status":"reviewed","tsunami":0,"sig":56,"net":"tx","code":"2026topbej","ids":",tx2026topbej,","sources":",tx,","types":",origin,phase-data,","nst":29,"dmin":0,"rms":0.2,"gap":83,"magType":"ml","type":"earthquake","title":"M 1.9 - 60 km SSW of Whites City, New Mexico"},"geometry":{"type":"Point","coordinates":[-104.524,31.642,6.4587]},"id":"tx2026topbej"},
{"type":"Feature","properties":{"mag":1.84,"place":"7 km NW of North Lakeport, CA","time":1791163562330,"updated":1791165445143,"tz":null,"url":"https://earthquake.usgs.gov/earthquakes/eventpage/nc75444691","detail":"https://earthquake.usgs.gov/earthquakes/feed/v1.0/detail/nc75444691.geojson","felt":null,"cdi":null,"mmi":null,"alert":null,"status":"automatic","tsunami":0,"sig":52,"net":"nc","code":"75444691","ids":",nc75444691,","sources":",nc,","types":",nearby-cities,origin,phase-data,scitech-link,","nst":19,"dmin":0.08102,"rms":0.1,"gap":63,"magType":"md","type":"earthquake","title":"M 1.8 - 7 km NW of North Lakeport, CA"},"geometry":{"type":"Point","coordinates":[-122.972663879395,39.123664855957,2.15000009536743]},"id":"nc75444691"},
{"type":"Feature","properties":{"mag":1.85,"place":"1 km SSW of Howardville, Missouri","time":1791163447310,"updated":1791208750350,"tz":null,"url":"https://earthquake.usgs.gov/earthquakes/eventpage/nm60628421","detail":"https://earthquake.usgs.gov/earthquakes/feed/v1.0/detail/nm60628421.geojson","felt":null,"cdi":null,"mmi":null,"alert":null,"status":"reviewed","tsunami":0,"sig":53,"net":"nm","code":"60628421","ids":",nm60628421,","sources":",nm,","types":",origin,phase-data,","nst":32,"dmin":0.05419,"rms":0.07,"gap":38,"magType":"md","type":"earthquake","title":"M 1.9 - 1 km SSW of Howardville, Missouri"},"geometry":{"type":"Point","coordinates":[-89.6091666666667,36.5548333333333,7.77]},"id":"nm60628421"},
{"type":"Feature","properties":{"mag":0.35,"place":"8 km SSW of Idyllwild, CA","time":1791163409130,"updated":1791207177433,"tz":null,"url":"https://earthquake.usgs.gov/earthquakes/eventpage/ci41343271","detail":"https://earthquake.usgs.gov/earthquakes/feed/v1.0/detail/ci41343271.geojson","felt":null,"cdi":null,"mmi":null,"alert":null,"status":"reviewed","tsunami":0,"sig":2,"net":"ci","code":"41343271","ids":",ci41343271,","sources":",ci,","types":",nearby-cities,origin,phase-data,","nst":26,"dmin":0.04841,"rms":0.11,"gap":61,"magType":"ml","type":"earthquake","title":"M 0.4 - 8 km SSW of Idyllwild, CA"},"geometry":{"type":"Point","coordinates":[-116.747333333333,33.6713333333333,15.21]},"id":"ci41343271"},
{"type":"Feature","properties":{"mag":4.4,"place":"12 km N of Villa El Carmen, Nicaragua","time":1791163221127,"updated":1791165978040,"tz":null,"url":"https://earthquake.usgs.gov/earthquakes/eventpage/us6000tzln","detail":"https://earthquake.usgs.gov/earthquakes/feed/v1.0/detail/us6000tzln.geojson","felt":null,"cdi":null,"mmi":null,"alert":null,"status":"reviewed","tsunami":0,"sig":298,"net":"us","code":"6000tzln","ids":",us6000tzln,","sources":",us,","types":",origin,phase-data,","nst":51,"dmin":1.671,"rms":0.63,"gap":133,"magType":"mb","type":"earthquake","title":"M 4.4 - 12 km N of Villa El Carmen, Nicaragua"},"geometry":{"type":"Point","coordinates":[-86.4891,12.0958,167.36]},"id":"us6000tzln"},
{"type":"Feature","properties":{"mag":5.3,"place":"central Mid-Atlantic Ridge","time":1791163130392,"updated":1791164149040,"tz":null,"url":"https://earthquake.usgs.gov/earthquakes/eventpage/us6000tzlp","detail":"https://earthquake.usgs.gov/earthquakes/feed/v1.0/detail/us6000tzlp.geojson","felt":null,"cdi":null,"mmi":null,"alert":null,"status":"reviewed","tsunami":0,"sig":432,"net":"us","code":"6000tzlp","ids":",us6000tzlp,","sources":",us,","types":",origin,phase-data,","nst":71,"dmin":9.312,"rms":0.81,"gap":46,"magType":"mb","type":"earthquake","title":"M 5.3 - central Mid-Atlantic Ridge"},"geometry":{"type":"Point","coordinates":[-19.965,-0.4325,10]},"id":"us6000tzlp"},
{"type":"Feature","properties":{"mag":0.89,"place":"26 km ENE of Yacolt, Washington","time":1791162663880,"updated":1791208609900,"tz":null,"url":"https://earthquake.usgs.gov/earthquakes/eventpage/uw714115931","detail":"https://earthquake.usgs.gov/earthquakes/feed/v1.0/detail/uw714115931.geojson","felt":null,"cdi":null,"mmi":null,"alert":null,"status":"reviewed","tsunami":0,"sig":12,"net":"uw","code":"714115931","ids":",uw714115931,","sources":",uw,","types":",origin,phase-data,","nst":29,"dmin":0.1293,"rms":0.2,"gap":96,"magType":"ml","type":"earthquake","title":"M 0.9 - 26 km ENE of Yacolt, Washington"},"geometry":{"type":"Point","coordinates":[-122.114833333333,45.997,7.44]},"id":"uw714115931"},
{"type":"Feature","properties":{"mag":0.69,"place":"6 km W of Cobb, CA","time":1791161568440,"updated":1791161663142,"tz":null,"url":"https://earthquake.usgs.gov/earthquakes/eventpage/nc75444656","detail":"https://earthquake.usgs.gov/earthquakes/feed/v1.0/detail/nc75444656.geojson","felt":null,"cdi":null,"mmi":null,"alert":null,"status":"automatic","tsunami":0,"sig":7,"net":"nc","code":"75444656","ids":",nc75444656,","sources":",nc,","types":",nearby-cities,origin,phase-data,","nst":11,"dmin":0.006722,"rms":0.01,"gap":80,"magType":"md","type":"earthquake","title":"M 0.7 - 6 km W of Cobb, CA"},"geometry":{"type":"Point","coordinates":[-122.795166015625,38.8328323364258,2.25999999046326]},"id":"nc75444656"},
{"type":"Feature","properties":{"mag":0.73,"place":"8 km NW of The Geysers, CA","time":1791161075340,"updated":1791161173013,"tz":null,"url":"https://earthquake.usgs.gov/earthquakes/eventpage/nc75444646","detail":"https://earthquake.usgs.gov/earthquakes/feed/v1.0/detail/nc75444646.geojson","felt":null,"cdi":null,"mmi":null,"alert":null,"status":"automatic","tsunami":0,"sig":8,"net":"nc","code":"75444646","ids":",nc75444646,","sources":",nc,","types":",nearby-cities,origin,phase-data,","nst":7,"dmin":0.006881,"rms":0.01,"gap":81,"magType":"md","type":"earthquake","title":"M 0.7 - 8 km NW of The Geysers, CA"},"geometry":{"type":"Point","coordinates":[-122.814163208008,38.8294982910156,1.80999994277954]},"id":"nc75444646"},
{"type":"Feature","properties":{"mag":1.2,"place":"85 km NW of Karluk, Alaska","time":1791161029966,"updated":1791161064931,"tz":null,"url":"https://earthquake.usgs.gov/earthquakes/eventpage/aka2026trrnlc","detail":"https://earthquake.usgs.gov/earthquakes/feed/v1.0/detail/aka2026trrnlc.geojson","felt":null,"cdi":null,"mmi":null,"alert":null,"status":"automatic","tsunami":0,"sig":22,"net":"ak","code":"a2026trrnlc","ids":",aka2026trrnlc,","sources":",ak,","types":",origin,phase-data,","nst":13,"dmin":0,"rms":0.2,"gap":128,"magType":"ml","type":"earthquake","title":"M 1.2 - 85 km NW of Karluk, Alaska"},"geometry":{"type":"Point","coordinates":[-155.359,58.167,5]},"id":"aka2026trrnlc"},
{"type":"Feature","properties":{"mag":1.9,"place":"15 km ESE of Pearsall, Texas","time":1791160443931,"updated":1791198964503,"tz":null,"url":"https://earthquake.usgs.gov/earthquakes/eventpage/tx2026tonhen","detail":"https://earthquake.usgs.gov/earthquakes/feed/v1.0/detail/tx2026tonhen.geojson","felt":null,"cdi":null,"mmi":null,"alert":null,"status":"reviewed","tsunami":0,"sig":56,"net":"tx","code":"2026tonhen","ids":",tx2026tonhen,","sources":",tx,","types":",origin,phase-data,","nst":27,"dmin":0.2,"rms":0.4,"gap":86,"magType":"ml","type":"earthquake","title":"M 1.9 - 15 km ESE of Pearsall, Texas"},"geometry":{"type":"Point","coordinates":[-98.944,28.839,8.0363]},"id":"tx2026tonhen"},
{"type":"Feature","properties":{"mag":0.55,"place":"58 km E of Warm River, Idaho","time":1791160107270,"updated":1791208545560,"tz":null,"url":"https://earthquake.usgs.gov/earthquakes/eventpage/uu80158576","detail":"https://earthquake.usgs.gov/earthquakes/feed/v1.0/detail/uu80158576.geojson","felt":null,"cdi":null,"mmi":null,"alert":null,"status":"reviewed","tsunami":0,"sig":5,"net":"uu","code":"80158576","ids":",uu80158576,","sources":",uu,","types":",origin,phase-data,","nst":9,"dmin":0.06962,"rms":0.2,"gap":136,"magType":"md","type":"earthquake","title":"M 0.6 - 58 km E of Warm River, Idaho"},"geometry":{"type":"Point","coordinates":[-110.597333333333,44.2155,15.89]},"id":"uu80158576"},
{"type":"Feature","properties":{"mag":0.96,"place":"3 km NE of The Geysers, CA","time":1791159654370,"updated":1791159752778,"tz":null,"url":"https://earthquake.usgs.gov/earthquakes/eventpage/nc75444626","detail":"https://earthquake.usgs.gov/earthquakes/feed/v1.0/detail/nc75444626.geojson","felt":null,"cdi":null,"mmi":null,"alert":null,"status":"automatic","tsunami":0,"sig":14,"net":"nc","code":"75444626","ids":",nc75444626,","sources":",nc,","types":",nearby-cities,origin,phase-data,","nst":10,"dmin":0.01481,"rms":0.03,"gap":105,"magType":"md","type":"earthquake","title":"M 1.0 - 3 km NE of The Geysers, CA"},"geometry":{"type":"Point","coordinates":[-122.738502502441,38.7980003356934,2.02999997138977]},"id":"nc75444626"},
{"type":"Feature","properties":{"mag":1.02,"place":"8 km NE of West Yellowstone, Montana","time":1791157793560,"updated":1791211428300,"tz":null,"url":"https://earthquake.usgs.gov/earthquakes/eventpage/uu80158571","detail":"https://earthquake.usgs.gov/earthquakes/feed/v1.0/detail/uu80158571.geojson","felt":null,"cdi":null,"mmi":null,"alert":null,"status":"reviewed","tsunami":0,"sig":16,"net":"uu","code":"80158571","ids":",uu80158571,","sources":",uu,","types":",origin,phase-data,","nst":11,"dmin":0.05099,"rms":0.1,"gap":60,"magType":"md","type":"earthquake","title":"M 1.0 - 8 km NE of West Yellowstone, Montana"},"geometry":{"type":"Point","coordinates":[-111.012666666667,44.7066666666667,10.62]},"id":"uu80158571"},
{"type":"Feature","properties":{"mag":1.8,"place":"49 km NNW of Valdez, Alaska","time":1791157740668,"updated":1791157822027,"tz":null,"url":"https://earthquake.usgs.gov/earthquakes/eventpage/aka2026trprwb","detail":"https://earthquake.usgs.gov/earthquakes/feed/v1.0/detail/aka2026trprwb.geojson","felt":null,"cdi":null,"mmi":null,"alert":null,"status":"automatic","tsunami":0,"sig":50,"net":"ak","code":"a2026trprwb","ids":",aka2026trprwb,","sources":",ak,","types":",origin,phase-data,","nst":23,"dmin":0.4,"rms":0.8,"gap":66,"magType":"ml","type":"earthquake","title":"M 1.8 - 49 km NNW of Valdez, Alaska"},"geometry":{"type":"Point","coordinates":[-146.715,61.541,19.6]},"id":"aka2026trprwb"},
{"type":"Feature","properties":{"mag":4.3,"place":"78 km S of Acajutla, El Salvador","time":1791156990683,"updated":1791165443040,"tz":null,"url":"https://earthquake.usgs.gov/earthquakes/eventpage/us6000tzlf","detail":"https://earthquake.usgs.gov/earthquakes/feed/v1.0/detail/us6000tzlf.geojson","felt":null,"cdi":null,"mmi":null,"alert":null,"status":"reviewed","tsunami":0,"sig":284,"net":"us","code":"6000tzlf","ids":",us6000tzlf,","sources":",us,","types":",origin,phase-data,","nst":31,"dmin":1.144,"rms":0.85,"gap":194,"magType":"mb","type":"earthquake","title":"M 4.3 - 78 km S of Acajutla, El Salvador"},"geometry":{"type":"Point","coordinates":[-89.7514,12.8829,35]},"id":"us6000tzlf"},
{"type":"Feature","properties":{"mag":1.95,"place":"58 km E of Warm River, Idaho","time":1791156750620,"updated":1791214271840,"tz":null,"url":"https://earthquake.usgs.gov/earthquakes/eventpage/uu80158566","detail":"https://earthquake.usgs.gov/earthquakes/feed/v1.0/detail/uu80158566.geojson","felt":null,"cdi":null,"mmi":null,"alert":null,"status":"reviewed","tsunami":0,"sig":58,"net":"uu","code":"80158566","ids":",uu80158566,","sources":",uu,","types":",origin,phase-data,","nst":13,"dmin":0.07833,"rms":0.2,"gap":139,"magType":"ml","type":"earthquake","title":"M 2.0 - 58 km E of Warm River, Idaho"},"geometry":{"type":"Point","coordinates":[-110.600833333333,44.2058333333333,12.28]},"id":"uu80158566"},
{"type":"Feature","properties":{"mag":2.1,"place":"33 km N of Beluga, Alaska","time":1791155843106,"updated":1791155968745,"tz":null,"url":"https://earthquake.usgs.gov/earthquakes/eventpage/aka2026troqls","detail":"https://earthquake.usgs.gov/earthquakes/feed/v1.0/detail/aka2026troqls.geojson","felt":null,"cdi":null,"mmi":null,"alert":null,"status":"automatic","tsunami":0,"sig":68,"net":"ak","code":"a2026troqls","ids":",aka2026troqls,","sources":",ak,","types":",origin,phase-data,","nst":44,"dmin":0.3,"rms":0.8,"gap":62,"magType":"ml","type":"earthquake","title":"M 2.1 - 33 km N of Beluga, Alaska"},"geometry":{"type":"Point","coordinates":[-151.159,61.436,5]},"id":"aka2026troqls"},
{"type":"Feature","properties":{"mag":2.28,"place":"5 km WSW of Redding, CA","time":1791155164710,"updated":1791155263412,"tz":null,"url":"https://earthquake.usgs.gov/earthquakes/eventpage/nc75444556","detail":"https://earthquake.usgs.gov/earthquakes/feed/v1.0/detail/nc75444556.geojson","felt":null,"cdi":null,"mmi":null,"alert":null,"status":"automatic","tsunami":0,"sig":80,"net":"nc","code":"75444556","ids":",nc75444556,","sources":",nc,","types":",nearby-cities,origin,phase-data,","nst":7,"dmin":0.1106,"rms":0.02,"gap":154,"magType":"md","type":"earthquake","title":"M 2.3 - 5 km WSW of Redding, CA"},"geometry":{"type":"Point","coordinates":[-122.426330566406,40.5538330078125,14.3100004196167]},"id":"nc75444556"},
{"type":"Feature","properties":{"mag":1.29,"place":"5 km NNW of Boron, CA","time":1791155128060,"updated":1791155326525,"tz":null,"url":"https://earthquake.usgs.gov/earthquakes/eventpage/ci41343255","detail":"https://earthquake.usgs.gov/earthquakes/feed/v1.0/detail/ci41343255.geojson","felt":null,"cdi":null,"mmi":null,"alert":null,"status":"automatic","tsunami":0,"sig":26,"net":"ci","code":"41343255","ids":",ci41343255,","sources":",ci,","types":",nearby-cities,origin,phase-data,","nst":28,"dmin":0.1052,"rms":0.21,"gap":125,"magType":"ml","type":"earthquake","title":"M 1.3 - 5 km NNW of Boron, CA"},"geometry":{"type":"Point","coordinates":[-117.680666666667,35.039,-0.74]},"id":"ci41343255"},
{"type":"Feature","properties":{"mag":4.4,"place":"142 km NE of Tual, Indonesia","time":1791155118727,"updated":1791164702040,"tz":null,"url":"https://earthquake.usgs.gov/earthquakes/eventpage/us6000tzl7","detail":"https://earthquake.usgs.gov/earthquakes/feed/v1.0/detail/us6000tzl7.geojson","felt":null,"cdi":null,"mmi":null,"alert":null,"status":"reviewed","tsunami":0,"sig":298,"net":"us","code":"6000tzl7","ids":",us6000tzl7,","sources":",us,","types":",origin,phase-data,","nst":22,"dmin":7.453,"rms":0.61,"gap":87,"magType":"mb","type":"earthquake","title":"M 4.4 - 142 km NE of Tual, Indonesia"},"geometry":{"type":"Point","coordinates":[133.5278,-4.5956,10]},"id":"us6000tzl7"},
{"type":"Feature","properties":{"mag":1.3,"place":"11 km E of Fox, Alaska","time":1791155107635,"updated":1791155184738,"tz":null,"url":"https://earthquake.usgs.gov/earthquakes/eventpage/aka2026trofvo","detail":"https://earthquake.usgs.gov/earthquakes/feed/v1.0/detail/aka2026trofvo.geojson","felt":null,"cdi":null,"mmi":null,"alert":null,"status":"automatic","tsunami":0,"sig":26,"net":"ak","code":"a2026trofvo","ids":",aka2026trofvo,","sources":",ak,","types":",origin,phase-data,","nst":17,"dmin":0.2,"rms":0.6,"gap":61,"magType":"ml","type":"earthquake","title":"M 1.3 - 11 km E of Fox, Alaska"},"geometry":{"type":"Point","coordinates":[-147.383,64.96,5]},"id":"aka2026trofvo"},
{"type":"Feature","properties":{"mag":0.6,"place":"74 km NNW of Karluk, Alaska","time":1791155079560,"updated":1791155119166,"tz":null,"url":"https://earthquake.usgs.gov/earthquakes/eventpage/aka2026troflj","detail":"https://earthquake.usgs.gov/earthquakes/feed/v1.0/detail/aka2026troflj.geojson","felt":null,"cdi":null,"mmi":null,"alert":null,"status":"automatic","tsunami":0,"sig":6,"net":"ak","code":"a2026troflj","ids":",aka2026troflj,","sources":",ak,","types":",origin,phase-data,","nst":6,"dmin":0.1,"rms":0.8,"gap":204,"magType":"ml","type":"earthquake","title":"M 0.6 - 74 km NNW of Karluk, Alaska"},"geometry":{"type":"Point","coordinates":[-154.864,58.203,5]},"id":"aka2026troflj"},
{"type":"Feature","properties":{"mag":1.8,"place":"38 km ESE of Nenana, Alaska","time":1791154464450,"updated":1791154543376,"tz":null,"url":"https://earthquake.usgs.gov/earthquakes/eventpage/aka2026trnwoh","detail":"https://earthquake.usgs.gov/earthquakes/feed/v1.0/detail/aka2026trnwoh.geojson","felt":null,"cdi":null,"mmi":null,"alert":null,"status":"automatic","tsunami":0,"sig":50,"net":"ak","code":"a2026trnwoh","ids":",aka2026trnwoh,","sources":",ak,","types":",origin,phase-data,","nst":20,"dmin":0.1,"rms":0.6,"gap":74,"magType":"ml","type":"earthquake","title":"M 1.8 - 38 km ESE of Nenana, Alaska"},"geometry":{"type":"Point","coordinates":[-148.332,64.455,2.6]},"id":"aka2026trnwoh"},
{"type":"Feature","properties":{"mag":4.2,"place":"14 km ESE of Feke, Turkey","time":1791154290983,"updated":1791162391040,"tz":null,"url":"https://earthquake.usgs.gov/earthquakes/eventpage/us6000tzl3","detail":"https://earthquake.usgs.gov/earthquakes/feed/v1.0/detail/us6000tzl3.geojson","felt":null,"cdi":null,"mmi":null,"alert":null,"status":"reviewed","tsunami":0,"sig":271,"net":"us","code":"6000tzl3","ids":",us6000tzl3,","sources":",us,","types":",origin,phase-data,","nst":25,"dmin":0.294,"rms":0.83,"gap":40,"magType":"mb","type":"earthquake","title":"M 4.2 - 14 km ESE of Feke, Turkey"},"geometry":{"type":"Point","coordinates":[36.0714,37.7784,10]},"id":"us6000tzl3"},
{"type":"Feature","properties":{"mag":0.96,"place":"15 km NNW of Piru, CA","time":1791154279400,"updated":1791154481809,"tz":null,"url":"https://earthquake.usgs.gov/earthquakes/eventpage/ci41343239","detail":"https://earthquake.usgs.gov/earthquakes/feed/v1.0/detail/ci41343239.geojson","felt":null,"cdi":null,"mmi":null,"alert":null,"status":"automatic","tsunami":0,"sig":14,"net":"ci","code":"41343239","ids":",ci41343239,","sources":",ci,","types":",nearby-cities,origin,phase-data,","nst":25,"dmin":0.09109,"rms":0.23,"gap":63,"magType":"ml","type":"earthquake","title":"M 1.0 - 15 km NNW of Piru, CA"},"geometry":{"type":"Point","coordinates":[-118.841,34.5456666666667,0.21]},"id":"ci41343239"},
{"type":"Feature","properties":{"mag":0.66,"place":"27 km E of Coso Junction, CA","time":1791153742740,"updated":1791207208295,"tz":null,"url":"https://earthquake.usgs.gov/earthquakes/eventpage/ci41343231","detail":"https://earthquake.usgs.gov/earthquakes/feed/v1.0/detail/ci41343231.geojson","felt":null,"cdi":null,"mmi":null,"alert":null,"status":"reviewed","tsunami":0,"sig":7,"net":"ci","code":"41343231","ids":",ci41343231,","sources":",ci,","types":",nearby-cities,origin,phase-data,","nst":18,"dmin":0.107,"rms":0.13,"gap":67,"magType":"ml","type":"earthquake","title":"M 0.7 - 27 km E of Coso Junction, CA"},"geometry":{"type":"Point","coordinates":[-117.655333333333,36.0846666666667,1.34]},"id":"ci41343231"},
{"type":"Feature","properties":{"mag":1.27,"place":"12 km ESE of Mammoth Lakes, CA","time":1791153597190,"updated":1791153693160,"tz":null,"url":"https://earthquake.usgs.gov/earthquakes/eventpage/nc75444521","detail":"https://earthquake.usgs.gov/earthquakes/feed/v1.0/detail/nc75444521.geojson","felt":null,"cdi":null,"mmi":null,"alert":null,"status":"automatic","tsunami":0,"sig":25,"net":"nc","code":"75444521","ids":",nc75444521,","sources":",nc,","types":",nearby-cities,origin,phase-data,","nst":13,"dmin":0.03168,"rms":0.02,"gap":228,"magType":"md","type":"earthquake","title":"M 1.3 - 12 km ESE of Mammoth Lakes, CA"},"geometry":{"type":"Point","coordinates":[-118.866500854492,37.5789985656738,5.09999990463257]},"id":"nc75444521"},
{"type":"Feature","properties":{"mag":0.97,"place":"5 km NW of The Geysers, CA","time":1791153413830,"updated":1791153507796,"tz":null,"url":"https://earthquake.usgs.gov/earthquakes/eventpage/nc75444511","detail":"https://earthquake.usgs.gov/earthquakes/feed/v1.0/detail/nc75444511.geojson","felt":null,"cdi":null,"mmi":null,"alert":null,"status":"automatic","tsunami":0,"sig":14,"net":"nc","code":"75444511","ids":",nc75444511,","sources":",nc,","types":",nearby-cities,origin,phase-data,","nst":12,"dmin":0.0008197,"rms":0.01,"gap":61,"magType":"md","type":"earthquake","title":"M 1.0 - 5 km NW of The Geysers, CA"},"geometry":{"type":"Point","coordinates":[-122.794502258301,38.8084983825684,3.25]},"id":"nc75444511"},
{"type":"Feature","properties":{"mag":1.02,"place":"6 km WNW of Cobb, CA","time":1791152983940,"updated":1791153078121,"tz":null,"url":"https://earthquake.usgs.gov/earthquakes/eventpage/nc75444501","detail":"https://earthquake.usgs.gov/earthquakes/feed/v1.0/detail/nc75444501.geojson","felt":null,"cdi":null,"mmi":null,"alert":null,"status":"automatic","tsunami":0,"sig":16,"net":"nc","code":"75444501","ids":",nc75444501,","sources":",nc,","types":",nearby-cities,origin,phase-data,","nst":12,"dmin":0.001546,"rms":0.01,"gap":76,"magType":"md","type":"earthquake","title":"M 1.0 - 6 km WNW of Cobb, CA"},"geometry":{"type":"Point","coordinates":[-122.791168212891,38.8370018005371,1.80999994277954]},"id":"nc75444501"},
{"type":"Feature","properties":{"mag":2.1,"place":"34 km SSW of Cantwell, Alaska","time":1791152304778,"updated":1791152430375,"tz":null,"url":"https://earthquake.usgs.gov/earthquakes/eventpage/aka2026trmriq","detail":"https://earthquake.usgs.gov/earthquakes/feed/v1.0/detail/aka2026trmriq.geojson","felt":null,"cdi":null,"mmi":null,"alert":null,"status":"automatic","tsunami":0,"sig":68,"net":"ak","code":"a2026trmriq","ids":",aka2026trmriq,","sources":",ak,","types":",origin,phase-data,","nst":41,"dmin":0.3,"rms":0.8,"gap":43,"magType":"ml","type":"earthquake","title":"M 2.1 - 34 km SSW of Cantwell, Alaska"},"geometry":{"type":"Point","coordinates":[-149.126,63.097,74]},"id":"aka2026trmriq"},
{"type":"Feature","properties":{"mag":4.2,"place":"off the coast of Oregon","time":1791152006165,"updated":1791217412326,"tz":null,"url":"https://earthquake.usgs.gov/earthquakes/eventpage/us6000tzl0","detail":"https://earthquake.usgs.gov/earthquakes/feed/v1.0/detail/us6000tzl0.geojson","felt":3,"cdi":2.2,"mmi":null,"alert":null,"status":"reviewed","tsunami":0,"sig":272,"net":"us","code":"6000tzl0","ids":",us6000tzl0,","sources":",us,","types":",dyfi,event-sequence,oaf,origin,phase-data,","nst":64,"dmin":3.63,"rms":0.88,"gap":251,"magType":"mb","type":"earthquake","title":"M 4.2 - off the coast of Oregon"},"geometry":{"type":"Point","coordinates":[-128.9457,44.6317,10]},"id":"us6000tzl0"},
{"type":"Feature","properties":{"mag":1.37,"place":"8 km NE of West Yellowstone, Montana","time":1791151320560,"updated":1791214486300,"tz":null,"url":"https://earthquake.usgs.gov/earthquakes/eventpage/uu80158556","detail":"https://earthquake.usgs.gov/earthquakes/feed/v1.0/detail/uu80158556.geojson","felt":null,"cdi":null,"mmi":null,"alert":null,"status":"reviewed","tsunami":0,"sig":29,"net":"uu","code":"80158556","ids":",uu80158556,","sources":",uu,","types":",origin,phase-data,","nst":19,"dmin":0.05251,"rms":0.1,"gap":60,"magType":"ml","type":"earthquake","title":"M 1.4 - 8 km NE of West Yellowstone, Montana"},"geometry":{"type":"Point","coordinates":[-111.0165,44.7073333333333,11.01]},"id":"uu80158556"},
{"type":"Feature","properties":{"mag":2.4,"place":"10 km NW of Big Lake, Alaska","time":1791151214091,"updated":1791151380340,"tz":null,"url":"https://earthquake.usgs.gov/earthquakes/eventpage/aka2026trmbpb","detail":"https://earthquake.usgs.gov/earthquakes/feed/v1.0/detail/aka2026trmbpb.geojson","felt":null,"cdi":null,"mmi":null,"alert":null,"status":"automatic","tsunami":0,"sig":89,"net":"ak","code":"a2026trmbpb","ids":",aka2026trmbpb,","sources":",ak,","types":",origin,phase-data,","nst":61,"dmin":0.4,"rms":0.8,"gap":34,"magType":"ml","type":"earthquake","title":"M 2.4 - 10 km NW of Big Lake, Alaska"},"geometry":{"type":"Point","coordinates":[-150.072,61.595,13.1]},"id":"aka2026trmbpb"},
{"type":"Feature","properties":{"mag":0.9,"place":"81 km NNW of Karluk, Alaska","time":1791151161192,"updated":1791151199030,"tz":null,"url":"https://earthquake.usgs.gov/earthquakes/eventpage/aka2026trmava","detail":"https://earthquake.usgs.gov/earthquakes/feed/v1.0/detail/aka2026trmava.geojson","felt":null,"cdi":null,"mmi":null,"alert":null,"status":"automatic","tsunami":0,"sig":12,"net":"ak","code":"a2026trmava","ids":",aka2026trmava,","sources":",ak,","types":",origin,phase-data,","nst":11,"dmin":0.1,"rms":0.3,"gap":152,"magType":"ml","type":"earthquake","title":"M 0.9 - 81 km NNW of Karluk, Alaska"},"geometry":{"type":"Point","coordinates":[-154.959,58.252,5]},"id":"aka2026trmava"},
{"type":"Feature","properties":{"mag":1.02,"place":"1 km NNE of Loma Linda, CA","time":1791151071070,"updated":1791207225097,"tz":null,"url":"https://earthquake.usgs.gov/earthquakes/eventpage/ci41343207","detail":"https://earthquake.usgs.gov/earthquakes/feed/v1.0/detail/ci41343207.geojson","felt":null,"cdi":null,"mmi":null,"alert":null,"status":"reviewed","tsunami":0,"sig":16,"net":"ci","code":"41343207","ids":",ci41343207,","sources":",ci,","types":",nearby-cities,origin,phase-data,","nst":42,"dmin":0.1031,"rms":0.16,"gap":58,"magType":"ml","type":"earthquake","title":"M 1.0 - 1 km NNE of Loma Linda, CA"},"geometry":{"type":"Point","coordinates":[-117.256166666667,34.0578333333333,14.84]},"id":"ci41343207"},
{"type":"Feature","properties":{"mag":1.72,"place":"24 km SE of Pāhala, Hawaii","time":1791150955740,"updated":1791151163040,"tz":null,"url":"https://earthquake.usgs.gov/earthquakes/eventpage/hv75049877","detail":"https://earthquake.usgs.gov/earthquakes/feed/v1.0/detail/hv75049877.geojson","felt":null,"cdi":null,"mmi":null,"alert":null,"status":"automatic","tsunami":0,"sig":46,"net":"hv","code":"75049877","ids":",hv75049877,","sources":",hv,","types":",origin,phase-data,","nst":16,"dmin":0.1763,"rms":0.140000001,"gap":268,"magType":"md","type":"earthquake","title":"M 1.7 - 24 km SE of Pāhala, Hawaii"},"geometry":{"type":"Point","coordinates":[-155.322830200195,19.0376663208008,26.8799991607666]},"id":"hv75049877"},
{"type":"Feature","properties":{"mag":0.83,"place":"9 km NW of The Geysers, CA","time":1791150852640,"updated":1791150948736,"tz":null,"url":"https://earthquake.usgs.gov/earthquakes/eventpage/nc75444456","detail":"https://earthquake.usgs.gov/earthquakes/feed/v1.0/detail/nc75444456.geojson","felt":null,"cdi":null,"mmi":null,"alert":null,"status":"automatic","tsunami":0,"sig":11,"net":"nc","code":"75444456","ids":",nc75444456,","sources":",nc,","types":",nearby-cities,origin,phase-data,","nst":18,"dmin":0.008826,"rms":0.01,"gap":82,"magType":"md","type":"earthquake","title":"M 0.8 - 9 km NW of The Geysers, CA"},"geometry":{"type":"Point","coordinates":[-122.824333190918,38.8371658325195,1.77999997138977]},"id":"nc75444456"},
{"type":"Feature","properties":{"mag":2.48,"place":"5 km ENE of Pinnacles, CA","time":1791150615900,"updated":1791152248629,"tz":null,"url":"https://earthquake.usgs.gov/earthquakes/eventpage/nc75444446","detail":"https://earthquake.usgs.gov/earthquakes/feed/v1.0/detail/nc75444446.geojson","felt":null,"cdi":null,"mmi":null,"alert":null,"status":"automatic","tsunami":0,"sig":95,"net":"nc","code":"75444446","ids":",nc75444446,","sources":",nc,","types":",focal-mechanism,nearby-cities,origin,phase-data,scitech-link,","nst":64,"dmin":0.0501,"rms":0.21,"gap":38,"magType":"md","type":"earthquake","title":"M 2.5 - 5 km ENE of Pinnacles, CA"},"geometry":{"type":"Point","coordinates":[-121.091499328613,36.5508346557617,8]},"id":"nc75444446"},
{"type":"Feature","properties":{"mag":0.84,"place":"20 km ESE of Anza, CA","time":1791150445300,"updated":1791207428399,"tz":null,"url":"https://earthquake.usgs.gov/earthquakes/eventpage/ci41343199","detail":"https://earthquake.usgs.gov/earthquakes/feed/v1.0/detail/ci41343199.geojson","felt":null,"cdi":null,"mmi":null,"alert":null,"status":"reviewed","tsunami":0,"sig":11,"net":"ci","code":"41343199","ids":",ci41343199,","sources":",ci,","types":",nearby-cities,origin,phase-data,","nst":42,"dmin":0.09925,"rms":0.14,"gap":60,"magType":"ml","type":"earthquake","title":"M 0.8 - 20 km ESE of Anza, CA"},"geometry":{"type":"Point","coordinates":[-116.485833333333,33.4748333333333,13.02]},"id":"ci41343199"},
{"type":"Feature","properties":{"mag":1.31,"place":"13 km NE of Milford, Utah","time":1791149814640,"updated":1791215188940,"tz":null,"url":"https://earthquake.usgs.gov/earthquakes/eventpage/uu80158546","detail":"https://earthquake.usgs.gov/earthquakes/feed/v1.0/detail/uu80158546.geojson","felt":null,"cdi":null,"mmi":null,"alert":null,"status":"reviewed","tsunami":0,"sig":26,"net":"uu","code":"80158546","ids":",uu80158546,","sources":",uu,","types":",origin,phase-data,","nst":13,"dmin":0.02058,"rms":0.08,"gap":67,"magType":"ml","type":"earthquake","title":"M 1.3 - 13 km NE of Milford, Utah"},"geometry":{"type":"Point","coordinates":[-112.894166666667,38.4818333333333,3.62]},"id":"uu80158546"},
{"type":"Feature","properties":{"mag":0.72,"place":"7 km NW of The Geysers, CA","time":1791149158200,"updated":1791149252551,"tz":null,"url":"https://earthquake.usgs.gov/earthquakes/eventpage/nc75444421","detail":"https://earthquake.usgs.gov/earthquakes/feed/v1.0/detail/nc75444421.geojson","felt":null,"cdi":null,"mmi":null,"alert":null,"status":"automatic","tsunami":0,"sig":8,"net":"nc","code":"75444421","ids":",nc75444421,","sources":",nc,","types":",nearby-cities,origin,phase-data,","nst":7,"dmin":0.004323,"rms":0.07,"gap":125,"magType":"md","type":"earthquake","title":"M 0.7 - 7 km NW of The Geysers, CA"},"geometry":{"type":"Point","coordinates":[-122.811836242676,38.8274993896484,3.24000000953674]},"id":"nc75444421"},
{"type":"Feature","properties":{"mag":0.76,"place":"11 km NE of Julian, CA","time":1791149016260,"updated":1791149217472,"tz":null,"url":"https://earthquake.usgs.gov/earthquakes/eventpage/ci41343191","detail":"https://earthquake.usgs.gov/earthquakes/feed/v1.0/detail/ci41343191.geojson","felt":null,"cdi":null,"mmi":null,"alert":null,"status":"automatic","tsunami":0,"sig":9,"net":"ci","code":"41343191","ids":",ci41343191,","sources":",ci,","types":",nearby-cities,origin,phase-data,","nst":43,"dmin":0.09632,"rms":0.23,"gap":39,"magType":"ml","type":"earthquake","title":"M 0.8 - 11 km NE of Julian, CA"},"geometry":{"type":"Point","coordinates":[-116.5265,33.1568333333333,5.55]},"id":"ci41343191"},
{"type":"Feature","properties":{"mag":0.34,"place":"11 km NW of Anza, CA","time":1791148669920,"updated":1791207441733,"tz":null,"url":"https://earthquake.usgs.gov/earthquakes/eventpage/ci41343183","detail":"https://earthquake.usgs.gov/earthquakes/feed/v1.0/detail/ci41343183.geojson","felt":null,"cdi":null,"mmi":null,"alert":null,"status":"reviewed","tsunami":0,"sig":2,"net":"ci","code":"41343183","ids":",ci41343183,","sources":",ci,","types":",nearby-cities,origin,phase-data,","nst":24,"dmin":0.03345,"rms":0.1,"gap":61,"magType":"ml","type":"earthquake","title":"M 0.3 - 11 km NW of Anza, CA"},"geometry":{"type":"Point","coordinates":[-116.761666666667,33.6271666666667,14.25]},"id":"ci41343183"},
{"type":"Feature","properties":{"mag":1.76,"place":"21 km E of Porterville, CA","time":1791148056620,"updated":1791216314962,"tz":null,"url":"https://earthquake.usgs.gov/earthquakes/eventpage/ci41343175","detail":"https://earthquake.usgs.gov/earthquakes/feed/v1.0/detail/ci41343175.geojson","felt":null,"cdi":null,"mmi":null,"alert":null,"status":"automatic","tsunami":0,"sig":48,"net":"ci","code":"41343175","ids":",nc75444416,ci41343175,","sources":",nc,ci,","types":",focal-mechanism,nearby-cities,origin,phase-data,scitech-link,","nst":10,"dmin":0.3859,"rms":0.17,"gap":275,"magType":"ml","type":"earthquake","title":"M 1.8 - 21 km E of Porterville, CA"},"geometry":{"type":"Point","coordinates":[-118.781,36.0378333333333,1.14]},"id":"ci41343175"},
{"type":"Feature","properties":{"mag":0.84,"place":"5 km SSW of Redlands, CA","time":1791147946260,"updated":1791148145279,"tz":null,"url":"https://earthquake.usgs.gov/earthquakes/eventpage/ci41343167","detail":"https://earthquake.usgs.gov/earthquakes/feed/v1.0/detail/ci41343167.geojson","felt":null,"cdi":null,"mmi":null,"alert":null,"status":"automatic","tsunami":0,"sig":11,"net":"ci","code":"41343167","ids":",ci41343167,","sources":",ci,","types":",nearby-cities,origin,phase-data,","nst":38,"dmin":0.07167,"rms":0.18,"gap":68,"magType":"ml","type":"earthquake","title":"M 0.8 - 5 km SSW of Redlands, CA"},"geometry":{"type":"Point","coordinates":[-117.199,34.0158333333333,3.78]},"id":"ci41343167"},
{"type":"Feature","properties":{"mag":0.79,"place":"2 km NW of The Geysers, CA","time":1791146820590,"updated":1791146918351,"tz":null,"url":"https://earthquake.usgs.gov/earthquakes/eventpage/nc75444401","detail":"https://earthquake.usgs.gov/earthquakes/feed/v1.0/detail/nc75444401.geojson","felt":null,"cdi":null,"mmi":null,"alert":null,"status":"automatic","tsunami":0,"sig":10,"net":"nc","code":"75444401","ids":",nc75444401,","sources":",nc,","types":",nearby-cities,origin,phase-data,","nst":15,"dmin":0.01607,"rms":0.02,"gap":83,"magType":"md","type":"earthquake","title":"M 0.8 - 2 km NW of The Geysers, CA"},"geometry":{"type":"Point","coordinates":[-122.768836975098,38.787166595459,4.07999992370605]},"id":"nc75444401"},
{"type":"Feature","properties":{"mag":2.4,"place":"18 km S of Denali National Park, Alaska","time":1791146103836,"updated":1791146269773,"tz":null,"url":"https://earthquake.usgs.gov/earthquakes/eventpage/aka2026trjftv","detail":"https://earthquake.usgs.gov/earthquakes/feed/v1.0/detail/aka2026trjftv.geojson","felt":null,"cdi":null,"mmi":null,"alert":null,"status":"automatic","tsunami":0,"sig":89,"net":"ak","code":"a2026trjftv","ids":",aka2026trjftv,","sources":",ak,","types":",origin,phase-data,","nst":22,"dmin":0.1,"rms":0.8,"gap":59,"magType":"ml","type":"earthquake","title":"M 2.4 - 18 km S of Denali National Park, Alaska"},"geometry":{"type":"Point","coordinates":[-151.779,63.373,2.2]},"id":"aka2026trjftv"},
{"type":"Feature","properties":{"mag":4.8,"place":"32 km SSE of Jurm, Afghanistan","time":1791145645597,"updated":1791173978668,"tz":null,"url":"https://earthquake.usgs.gov/earthquakes/eventpage/us6000tzkn","detail":"https://earthquake.usgs.gov/earthquakes/feed/v1.0/detail/us6000tzkn.geojson","felt":1,"cdi":2,"mmi":null,"alert":null,"status":"reviewed","tsunami":0,"sig":355,"net":"us","code":"6000tzkn","ids":",us6000tzkn,","sources":",us,","types":",dyfi,origin,phase-data,","nst":97,"dmin":2.06,"rms":0.97,"gap":43,"magType":"mb","type":"earthquake","title":"M 4.8 - 32 km SSE of Jurm, Afghanistan"},"geometry":{"type":"Point","coordinates":[71.0216,36.611,248.906]},"id":"us6000tzkn"},
{"type":"Feature","properties":{"mag":2.3,"place":"8 km SW of Trapper Creek, Alaska","time":1791144992960,"updated":1791145179582,"tz":null,"url":"https://earthquake.usgs.gov/earthquakes/eventpage/aka2026triprg","detail":"https://earthquake.usgs.gov/earthquakes/feed/v1.0/detail/aka2026triprg.geojson","felt":null,"cdi":null,"mmi":null,"alert":null,"status":"automatic","tsunami":0,"sig":81,"net":"ak","code":"a2026triprg","ids":",aka2026triprg,","sources":",ak,","types":",origin,phase-data,","nst":47,"dmin":0.2,"rms":0.9,"gap":45,"magType":"ml","type":"earthquake","title":"M 2.3 - 8 km SW of Trapper Creek, Alaska"},"geometry":{"type":"Point","coordinates":[-150.346,62.257,58.4]},"id":"aka2026triprg"},
{"type":"Feature","properties":{"mag":4.4,"place":"279 km ENE of Kuril’sk, Russia","time":1791144987253,"updated":1791146801040,"tz":null,"url":"https://earthquake.usgs.gov/earthquakes/eventpage/us6000tzkm","detail":"https://earthquake.usgs.gov/earthquakes/feed/v1.0/detail/us6000tzkm.geojson","felt":null,"cdi":null,"mmi":null,"alert":null,"status":"reviewed","tsunami":0,"sig":298,"net":"us","code":"6000tzkm","ids":",us6000tzkm,","sources":",us,","types":",origin,phase-data,","nst":37,"dmin":6.056,"rms":0.73,"gap":180,"magType":"mb","type":"earthquake","title":"M 4.4 - 279 km ENE of Kuril’sk, Russia"},"geometry":{"type":"Point","coordinates":[151.3579,45.8198,35]},"id":"us6000tzkm"},
{"type":"Feature","properties":{"mag":2,"place":"57 km S of Whites City, New Mexico","time":1791144555382,"updated":1791213903621,"tz":null,"url":"https://earthquake.usgs.gov/earthquakes/eventpage/tx2026toemyv","detail":"https://earthquake.usgs.gov/earthquakes/feed/v1.0/detail/tx2026toemyv.geojson","felt":null,"cdi":null,"mmi":null,"alert":null,"status":"reviewed","tsunami":0,"sig":62,"net":"tx","code":"2026toemyv","ids":",tx2026toemyv,","sources":",tx,","types":",origin,phase-data,","nst":19,"dmin":0,"rms":0.1,"gap":77,"magType":"ml","type":"earthquake","title":"M 2.0 - 57 km S of Whites City, New Mexico"},"geometry":{"type":"Point","coordinates":[-104.447,31.657,6.0999]},"id":"tx2026toemyv"},
{"type":"Feature","properties":{"mag":1.9,"place":"64 km S of Manley Hot Springs, Alaska","time":1791144432594,"updated":1791144514948,"tz":null,"url":"https://earthquake.usgs.gov/earthquakes/eventpage/aka2026trihoy","detail":"https://earthquake.usgs.gov/earthquakes/feed/v1.0/detail/aka2026trihoy.geojson","felt":null,"cdi":null,"mmi":null,"alert":null,"status":"automatic","tsunami":0,"sig":56,"net":"ak","code":"a2026trihoy","ids":",aka2026trihoy,","sources":",ak,","types":",origin,phase-data,","nst":18,"dmin":0.4,"rms":0.8,"gap":61,"magType":"ml","type":"earthquake","title":"M 1.9 - 64 km S of Manley Hot Springs, Alaska"},"geometry":{"type":"Point","coordinates":[-150.649,64.424,5.1]},"id":"aka2026trihoy"},
{"type":"Feature","properties":{"mag":1.8,"place":"43 km W of Anchor Point, Alaska","time":1791144180986,"updated":1791144390421,"tz":null,"url":"https://earthquake.usgs.gov/earthquakes/eventpage/aka2026tridfa","detail":"https://earthquake.usgs.gov/earthquakes/feed/v1.0/detail/aka2026tridfa.geojson","felt":null,"cdi":null,"mmi":null,"alert":null,"status":"automatic","tsunami":0,"sig":50,"net":"ak","code":"a2026tridfa","ids":",aka2026tridfa,","sources":",ak,","types":",origin,phase-data,","nst":37,"dmin":0.2,"rms":0.5,"gap":85,"magType":"ml","type":"earthquake","title":"M 1.8 - 43 km W of Anchor Point, Alaska"},"geometry":{"type":"Point","coordinates":[-152.608,59.744,93.8]},"id":"aka2026tridfa"},
{"type":"Feature","properties":{"mag":0.27,"place":"8 km WNW of Cobb, CA","time":1791143764700,"updated":1791143862862,"tz":null,"url":"https://earthquake.usgs.gov/earthquakes/eventpage/nc75444371","detail":"https://earthquake.usgs.gov/earthquakes/feed/v1.0/detail/nc75444371.geojson","felt":null,"cdi":null,"mmi":null,"alert":null,"status":"automatic","tsunami":0,"sig":1,"net":"nc","code":"75444371","ids":",nc75444371,","sources":",nc,","types":",nearby-cities,origin,phase-data,","nst":9,"dmin":0.01371,"rms":0.01,"gap":67,"magType":"md","type":"earthquake","title":"M 0.3 - 8 km WNW of Cobb, CA"},"geometry":{"type":"Point","coordinates":[-122.807830810547,38.8396682739258,2.42000007629395]},"id":"nc75444371"},
{"type":"Feature","properties":{"mag":1.7,"place":"21 km S of Denali National Park, Alaska","time":1791143631090,"updated":1791143709559,"tz":null,"url":"https://earthquake.usgs.gov/earthquakes/eventpage/aka2026trhvzy","detail":"https://earthquake.usgs.gov/earthquakes/feed/v1.0/detail/aka2026trhvzy.geojson","felt":null,"cdi":null,"mmi":null,"alert":null,"status":"automatic","tsunami":0,"sig":44,"net":"ak","code":"a2026trhvzy","ids":",aka2026trhvzy,","sources":",ak,","types":",origin,phase-data,","nst":14,"dmin":0.2,"rms":0.6,"gap":70,"magType":"ml","type":"earthquake","title":"M 1.7 - 21 km S of Denali National Park, Alaska"},"geometry":{"type":"Point","coordinates":[-151.791,63.346,5]},"id":"aka2026trhvzy"},
{"type":"Feature","properties":{"mag":0.94,"place":"2 km NW of Anderson Springs, CA","time":1791143601930,"updated":1791143697845,"tz":null,"url":"https://earthquake.usgs.gov/earthquakes/eventpage/nc75444366","detail":"https://earthquake.usgs.gov/earthquakes/feed/v1.0/detail/nc75444366.geojson","felt":null,"cdi":null,"mmi":null,"alert":null,"status":"automatic","tsunami":0,"sig":14,"net":"nc","code":"75444366","ids":",nc75444366,","sources":",nc,","types":",nearby-cities,origin,phase-data,","nst":7,"dmin":0.02129,"rms":0.02,"gap":117,"magType":"md","type":"earthquake","title":"M 0.9 - 2 km NW of Anderson Springs, CA"},"geometry":{"type":"Point","coordinates":[-122.710166931152,38.7879981994629,-0.560000002384186]},"id":"nc75444366"},
{"type":"Feature","properties":{"mag":0.81,"place":"20 km ESE of Little Lake, CA","time":1791143083500,"updated":1791143680172,"tz":null,"url":"https://earthquake.usgs.gov/earthquakes/eventpage/ci41343151","detail":"https://earthquake.usgs.gov/earthquakes/feed/v1.0/detail/ci41343151.geojson","felt":null,"cdi":null,"mmi":null,"alert":null,"status":"reviewed","tsunami":0,"sig":10,"net":"ci","code":"41343151","ids":",ci41343151,","sources":",ci,","types":",nearby-cities,origin,phase-data,","nst":18,"dmin":0.06564,"rms":0.08,"gap":59,"magType":"ml","type":"earthquake","title":"M 0.8 - 20 km ESE of Little Lake, CA"},"geometry":{"type":"Point","coordinates":[-117.6895,35.8903333333333,4.78]},"id":"ci41343151"},
{"type":"Feature","properties":{"mag":2,"place":"42 km SE of Denali National Park, Alaska","time":1791142665087,"updated":1791142890022,"tz":null,"url":"https://earthquake.usgs.gov/earthquakes/eventpage/aka2026trhiav","detail":"https://earthquake.usgs.gov/earthquakes/feed/v1.0/detail/aka2026trhiav.geojson","felt":null,"cdi":null,"mmi":null,"alert":null,"status":"automatic","tsunami":0,"sig":62,"net":"ak","code":"a2026trhiav","ids":",aka2026trhiav,","sources":",ak,","types":",origin,phase-data,","nst":20,"dmin":0.4,"rms":0.6,"gap":56,"magType":"ml","type":"earthquake","title":"M 2.0 - 42 km SE of Denali National Park, Alaska"},"geometry":{"type":"Point","coordinates":[-151.154,63.262,5]},"id":"aka2026trhiav"},
{"type":"Feature","properties":{"mag":1.05,"place":"8 km SSW of Idyllwild, CA","time":1791141212170,"updated":1791143241633,"tz":null,"url":"https://earthquake.usgs.gov/earthquakes/eventpage/ci41343119","detail":"https://earthquake.usgs.gov/earthquakes/feed/v1.0/detail/ci41343119.geojson","felt":null,"cdi":null,"mmi":null,"alert":null,"status":"reviewed","tsunami":0,"sig":17,"net":"ci","code":"41343119","ids":",ci41343119,","sources":",ci,","types":",nearby-cities,origin,phase-data,","nst":47,"dmin":0.05213,"rms":0.17,"gap":39,"magType":"ml","type":"earthquake","title":"M 1.1 - 8 km SSW of Idyllwild, CA"},"geometry":{"type":"Point","coordinates":[-116.75,33.6683333333333,14.64]},"id":"ci41343119"},
{"type":"Feature","properties":{"mag":0.42,"place":"7 km NW of Little Lake, CA","time":1791141085660,"updated":1791142380580,"tz":null,"url":"https://earthquake.usgs.gov/earthquakes/eventpage/ci41343111","detail":"https://earthquake.usgs.gov/earthquakes/feed/v1.0/detail/ci41343111.geojson","felt":null,"cdi":null,"mmi":null,"alert":null,"status":"reviewed","tsunami":0,"sig":3,"net":"ci","code":"41343111","ids":",ci41343111,","sources":",ci,","types":",nearby-cities,origin,phase-data,","nst":12,"dmin":0.07375,"rms":0.14,"gap":163,"magType":"ml","type":"earthquake","title":"M 0.4 - 7 km NW of Little Lake, CA"},"geometry":{"type":"Point","coordinates":[-117.970333333333,35.9725,2.96]},"id":"ci41343111"},
{"type":"Feature","properties":{"mag":1.6,"place":"15 km NW of Karluk, Alaska","time":1791141055856,"updated":1791141119085,"tz":null,"url":"https://earthquake.usgs.gov/earthquakes/eventpage/aka2026trgkus","detail":"https://earthquake.usgs.gov/earthquakes/feed/v1.0/detail/aka2026trgkus.geojson","felt":null,"cdi":null,"mmi":null,"alert":null,"status":"automatic","tsunami":0,"sig":39,"net":"ak","code":"a2026trgkus","ids":",aka2026trgkus,","sources":",ak,","types":",origin,phase-data,","nst":12,"dmin":0.5,"rms":0.4,"gap":263,"magType":"ml","type":"earthquake","title":"M 1.6 - 15 km NW of Karluk, Alaska"},"geometry":{"type":"Point","coordinates":[-154.618,57.678,59.7]},"id":"aka2026trgkus"},
{"type":"Feature","properties":{"mag":1.1,"place":"3 km SSW of Anderson Springs, CA","time":1791140925000,"updated":1791143249619,"tz":null,"url":"https://earthquake.usgs.gov/earthquakes/eventpage/nc75444336","detail":"https://earthquake.usgs.gov/earthquakes/feed/v1.0/detail/nc75444336.geojson","felt":null,"cdi":null,"mmi":null,"alert":null,"status":"automatic","tsunami":0,"sig":19,"net":"nc","code":"75444336","ids":",nc75444336,","sources":",nc,","types":",nearby-cities,origin,phase-data,scitech-link,","nst":10,"dmin":0.01838,"rms":0.04,"gap":134,"magType":"md","type":"earthquake","title":"M 1.1 - 3 km SSW of Anderson Springs, CA"},"geometry":{"type":"Point","coordinates":[-122.704170227051,38.7501678466797,1.9099999666214]},"id":"nc75444336"},
{"type":"Feature","properties":{"mag":0.76,"place":"8 km NW of The Geysers, CA","time":1791140376140,"updated":1791140473604,"tz":null,"url":"https://earthquake.usgs.gov/earthquakes/eventpage/nc75444326","detail":"https://earthquake.usgs.gov/earthquakes/feed/v1.0/detail/nc75444326.geojson","felt":null,"cdi":null,"mmi":null,"alert":null,"status":"automatic","tsunami":0,"sig":9,"net":"nc","code":"75444326","ids":",nc75444326,","sources":",nc,","types":",nearby-cities,origin,phase-data,","nst":10,"dmin":0.009159,"rms":0.08,"gap":155,"magType":"md","type":"earthquake","title":"M 0.8 - 8 km NW of The Geysers, CA"},"geometry":{"type":"Point","coordinates":[-122.821662902832,38.8219985961914,6.61999988555908]},"id":"nc75444326"},
{"type":"Feature","properties":{"mag":3.2,"place":"off the coast of Oregon","time":1791140174005,"updated":1791152453473,"tz":null,"url":"https://earthquake.usgs.gov/earthquakes/eventpage/us6000tzka","detail":"https://earthquake.usgs.gov/earthquakes/feed/v1.0/detail/us6000tzka.geojson","felt":2,"cdi":1,"mmi":null,"alert":null,"status":"reviewed","tsunami":0,"sig":158,"net":"us","code":"6000tzka","ids":",us6000tzka,","sources":",us,","types":",dyfi,origin,phase-data,","nst":38,"dmin":3.71,"rms":0.52,"gap":266,"magType":"ml","type":"earthquake","title":"M 3.2 - off the coast of Oregon"},"geometry":{"type":"Point","coordinates":[-129.1453,44.2452,10]},"id":"us6000tzka"},
{"type":"Feature","properties":{"mag":2.03,"place":"2 km NE of Almanor, CA","time":1791139900130,"updated":1791141447405,"tz":null,"url":"https://earthquake.usgs.gov/earthquakes/eventpage/nc75444321","detail":"https://earthquake.usgs.gov/earthquakes/feed/v1.0/detail/nc75444321.geojson","felt":null,"cdi":null,"mmi":null,"alert":null,"status":"automatic","tsunami":0,"sig":63,"net":"nc","code":"75444321","ids":",nc75444321,","sources":",nc,","types":",nearby-cities,origin,phase-data,scitech-link,","nst":14,"dmin":0.1084,"rms":0.15,"gap":92,"magType":"md","type":"earthquake","title":"M 2.0 - 2 km NE of Almanor, CA"},"geometry":{"type":"Point","coordinates":[-121.160835266113,40.2270011901855,7.23000001907349]},"id":"nc75444321"},
{"type":"Feature","properties":{"mag":1.88,"place":"22 km SSE of Pāhala, Hawaii","time":1791139829980,"updated":1791140033530,"tz":null,"url":"https://earthquake.usgs.gov/earthquakes/eventpage/hv75049797","detail":"https://earthquake.usgs.gov/earthquakes/feed/v1.0/detail/hv75049797.geojson","felt":null,"cdi":null,"mmi":null,"alert":null,"status":"automatic","tsunami":0,"sig":54,"net":"hv","code":"75049797","ids":",hv75049797,","sources":",hv,","types":",origin,phase-data,","nst":23,"dmin":0.1507,"rms":0.230000004,"gap":223,"magType":"md","type":"earthquake","title":"M 1.9 - 22 km SSE of Pāhala, Hawaii"},"geometry":{"type":"Point","coordinates":[-155.373001098633,19.0298328399658,30.7700004577637]},"id":"hv75049797"},
{"type":"Feature","properties":{"mag":1.83,"place":"67 km NNW of Rachel, Nevada","time":1791139777530,"updated":1791140028814,"tz":null,"url":"https://earthquake.usgs.gov/earthquakes/eventpage/nn00925278","detail":"https://earthquake.usgs.gov/earthquakes/feed/v1.0/detail/nn00925278.geojson","felt":null,"cdi":null,"mmi":null,"alert":null,"status":"automatic","tsunami":0,"sig":52,"net":"nn","code":"00925278","ids":",nn00925278,","sources":",nn,","types":",origin,phase-data,","nst":12,"dmin":1.075,"rms":0.2729,"gap":299,"magType":"ml","type":"earthquake","title":"M 1.8 - 67 km NNW of Rachel, Nevada"},"geometry":{"type":"Point","coordinates":[-115.931,38.238,7.7108]},"id":"nn00925278"},
{"type":"Feature","properties":{"mag":1.6,"place":"51 km WNW of Karluk, Alaska","time":1791139379102,"updated":1791139559194,"tz":null,"url":"https://earthquake.usgs.gov/earthquakes/eventpage/aka2026trfmoh","detail":"https://earthquake.usgs.gov/earthquakes/feed/v1.0/detail/aka2026trfmoh.geojson","felt":null,"cdi":null,"mmi":null,"alert":null,"status":"automatic","tsunami":0,"sig":39,"net":"ak","code":"a2026trfmoh","ids":",aka2026trfmoh,","sources":",ak,","types":",origin,phase-data,","nst":6,"dmin":0.3,"rms":0.1,"gap":239,"magType":"ml","type":"earthquake","title":"M 1.6 - 51 km WNW of Karluk, Alaska"},"geometry":{"type":"Point","coordinates":[-155.217,57.794,27.5]},"id":"aka2026trfmoh"},
{"type":"Feature","properties":{"mag":1.94,"place":"3 km NE of Almanor, CA","time":1791138157690,"updated":1791140845336,"tz":null,"url":"https://earthquake.usgs.gov/earthquakes/eventpage/nc75444306","detail":"https://earthquake.usgs.gov/earthquakes/feed/v1.0/detail/nc75444306.geojson","felt":null,"cdi":null,"mmi":null,"alert":null,"status":"automatic","tsunami":0,"sig":58,"net":"nc","code":"75444306","ids":",nc75444306,","sources":",nc,","types":",nearby-cities,origin,phase-data,scitech-link,","nst":9,"dmin":0.1172,"rms":0.14,"gap":91,"magType":"md","type":"earthquake","title":"M 1.9 - 3 km NE of Almanor, CA"},"geometry":{"type":"Point","coordinates":[-121.15950012207,40.2358322143555,6.8600001335144]},"id":"nc75444306"},
{"type":"Feature","properties":{"mag":1.61,"place":"10 km NE of Coso Junction, CA","time":1791137734120,"updated":1791138908821,"tz":null,"url":"https://earthquake.usgs.gov/earthquakes/eventpage/ci41343095","detail":"https://earthquake.usgs.gov/earthquakes/feed/v1.0/detail/ci41343095.geojson","felt":null,"cdi":null,"mmi":null,"alert":null,"status":"reviewed","tsunami":0,"sig":40,"net":"ci","code":"41343095","ids":",ci41343095,","sources":",ci,","types":",nearby-cities,origin,phase-data,scitech-link,","nst":31,"dmin":0.01721,"rms":0.13,"gap":36,"magType":"ml","type":"earthquake","title":"M 1.6 - 10 km NE of Coso Junction, CA"},"geometry":{"type":"Point","coordinates":[-117.865166666667,36.1025,2.62]},"id":"ci41343095"},
{"type":"Feature","properties":{"mag":0.89,"place":"15 km N of California City, CA","time":1791137622330,"updated":1791140189599,"tz":null,"url":"https://earthquake.usgs.gov/earthquakes/eventpage/ci41343087","detail":"https://earthquake.usgs.gov/earthquakes/feed/v1.0/detail/ci41343087.geojson","felt":null,"cdi":null,"mmi":null,"alert":null,"status":"reviewed","tsunami":0,"sig":12,"net":"ci","code":"41343087","ids":",ci41343087,","sources":",ci,","types":",nearby-cities,origin,phase-data,","nst":24,"dmin":0.1101,"rms":0.15,"gap":49,"magType":"ml","type":"earthquake","title":"M 0.9 - 15 km N of California City, CA"},"geometry":{"type":"Point","coordinates":[-118.0095,35.2636666666667,7.13]},"id":"ci41343087"},
{"type":"Feature","properties":{"mag":0.78,"place":"5 km NW of The Geysers, CA","time":1791137152010,"updated":1791137247935,"tz":null,"url":"https://earthquake.usgs.gov/earthquakes/eventpage/nc75444271","detail":"https://earthquake.usgs.gov/earthquakes/feed/v1.0/detail/nc75444271.geojson","felt":null,"cdi":null,"mmi":null,"alert":null,"status":"automatic","tsunami":0,"sig":9,"net":"nc","code":"75444271","ids":",nc75444271,","sources":",nc,","types":",nearby-cities,origin,phase-data,","nst":10,"dmin":0.002374,"rms":0.01,"gap":72,"magType":"md","type":"earthquake","title":"M 0.8 - 5 km NW of The Geysers, CA"},"geometry":{"type":"Point","coordinates":[-122.798164367676,38.8071670532227,3.4300000667572]},"id":"nc75444271"},
{"type":"Feature","properties":{"mag":1.53,"place":"2 km NW of The Geysers, CA","time":1791136627730,"updated":1791139043152,"tz":null,"url":"https://earthquake.usgs.gov/earthquakes/eventpage/nc75444261","detail":"https://earthquake.usgs.gov/earthquakes/feed/v1.0/detail/nc75444261.geojson","felt":null,"cdi":null,"mmi":null,"alert":null,"status":"automatic","tsunami":0,"sig":36,"net":"nc","code":"75444261","ids":",nc75444261,","sources":",nc,","types":",focal-mechanism,nearby-cities,origin,phase-data,scitech-link,","nst":31,"dmin":0.01427,"rms":0.04,"gap":83,"magType":"md","type":"earthquake","title":"M 1.5 - 2 km NW of The Geysers, CA"},"geometry":{"type":"Point","coordinates":[-122.771667480469,38.7866668701172,3.46000003814697]},"id":"nc75444261"},
{"type":"Feature","properties":{"mag":1.3,"place":"7 km ESE of Midland, Texas","time":1791136307188,"updated":1791218520644,"tz":null,"url":"https://earthquake.usgs.gov/earthquakes/eventpage/tx2026tnzyim","detail":"https://earthquake.usgs.gov/earthquakes/feed/v1.0/detail/tx2026tnzyim.geojson","felt":null,"cdi":null,"mmi":null,"alert":null,"status":"reviewed","tsunami":0,"sig":26,"net":"tx","code":"2026tnzyim","ids":",tx2026tnzyim,","sources":",tx,","types":",origin,phase-data,","nst":24,"dmin":0.1,"rms":0.1,"gap":59,"magType":"ml","type":"earthquake","title":"M 1.3 - 7 km ESE of Midland, Texas"},"geometry":{"type":"Point","coordinates":[-101.999,31.975,6.9092]},"id":"tx2026tnzyim"},
{"type":"Feature","properties":{"mag":0.33,"place":"13 km NNE of Coso Junction, CA","time":1791135865950,"updated":1791137771194,"tz":null,"url":"https://earthquake.usgs.gov/earthquakes/eventpage/ci10255934","detail":"https://earthquake.usgs.gov/earthquakes/feed/v1.0/detail/ci10255934.geojson","felt":null,"cdi":null,"mmi":null,"alert":null,"status":"reviewed","tsunami":0,"sig":2,"net":"ci","code":"10255934","ids":",ci10255934,","sources":",ci,","types":",nearby-cities,origin,phase-data,","nst":6,"dmin":0.06132,"rms":0.06,"gap":248,"magType":"ml","type":"earthquake","title":"M 0.3 - 13 km NNE of Coso Junction, CA"},"geometry":{"type":"Point","coordinates":[-117.908666666667,36.1608333333333,7.56]},"id":"ci10255934"},
{"type":"Feature","properties":{"mag":0.36,"place":"15 km WSW of Searles Valley, CA","time":1791135862320,"updated":1791137619651,"tz":null,"url":"https://earthquake.usgs.gov/earthquakes/eventpage/ci41343079","detail":"https://earthquake.usgs.gov/earthquakes/feed/v1.0/detail/ci41343079.geojson","felt":null,"cdi":null,"mmi":null,"alert":null,"status":"reviewed","tsunami":0,"sig":2,"net":"ci","code":"41343079","ids":",ci41343079,","sources":",ci,","types":",nearby-cities,origin,phase-data,","nst":11,"dmin":0.1261,"rms":0.13,"gap":119,"magType":"ml","type":"earthquake","title":"M 0.4 - 15 km WSW of Searles Valley, CA"},"geometry":{"type":"Point","coordinates":[-117.561666666667,35.7225,4.42]},"id":"ci41343079"},
{"type":"Feature","properties":{"mag":1.64,"place":"26 km S of Alamo, Nevada","time":1791135310138,"updated":1791135548714,"tz":null,"url":"https://earthquake.usgs.gov/earthquakes/eventpage/nn00925271","detail":"https://earthquake.usgs.gov/earthquakes/feed/v1.0/detail/nn00925271.geojson","felt":null,"cdi":null,"mmi":null,"alert":null,"status":"automatic","tsunami":0,"sig":41,"net":"nn","code":"00925271","ids":",nn00925271,","sources":",nn,","types":",origin,phase-data,","nst":28,"dmin":0.286,"rms":0.3294,"gap":138,"magType":"ml","type":"earthquake","title":"M 1.6 - 26 km S of Alamo, Nevada"},"geometry":{"type":"Point","coordinates":[-115.1445,37.1302,6.6623]},"id":"nn00925271"},
{"type":"Feature","properties":{"mag":4.2,"place":"21 km E of Feke, Turkey","time":1791134893722,"updated":1791137639040,"tz":null,"url":"https://earthquake.usgs.gov/earthquakes/eventpage/us6000tzjy","detail":"https://earthquake.usgs.gov/earthquakes/feed/v1.0/detail/us6000tzjy.geojson","felt":null,"cdi":null,"mmi":null,"alert":null,"status":"reviewed","tsunami":0,"sig":271,"net":"us","code":"6000tzjy","ids":",us6000tzjy,","sources":",us,","types":",moment-tensor,origin,phase-data,","nst":50,"dmin":0.251,"rms":0.87,"gap":42,"magType":"mwr","type":"earthquake","title":"M 4.2 - 21 km E of Feke, Turkey"},"geometry":{"type":"Point","coordinates":[36.1523,37.7789,11.956]},"id":"us6000tzjy"},
{"type":"Feature","properties":{"mag":4.4,"place":"13 km N of Xunchang, China","time":1791134393148,"updated":1791136746040,"tz":null,"url":"https://earthquake.usgs.gov/earthquakes/eventpage/us6000tzjw","detail":"https://earthquake.usgs.gov/earthquakes/feed/v1.0/detail/us6000tzjw.geojson","felt":null,"cdi":null,"mmi":null,"alert":null,"status":"reviewed","tsunami":0,"sig":298,"net":"us","code":"6000tzjw","ids":",us6000tzjw,","sources":",us,","types":",origin,phase-data,","nst":52,"dmin":4.503,"rms":0.76,"gap":130,"magType":"mb","type":"earthquake","title":"M 4.4 - 13 km N of Xunchang, China"},"geometry":{"type":"Point","coordinates":[104.7108,28.5785,10]},"id":"us6000tzjw"},
{"type":"Feature","properties":{"mag":2.45,"place":"27 km NNW of Pāhala, Hawaii","time":1791134100280,"updated":1791135974040,"tz":null,"url":"https://earthquake.usgs.gov/earthquakes/eventpage/hv75049762","detail":"https://earthquake.usgs.gov/earthquakes/feed/v1.0/detail/hv75049762.geojson","felt":null,"cdi":null,"mmi":null,"alert":null,"status":"automatic","tsunami":0,"sig":92,"net":"hv","code":"75049762","ids":",us6000tzju,hv75049762,","sources":",us,hv,","types":",origin,phase-data,","nst":43,"dmin":0.03806,"rms":0.389999986,"gap":43,"magType":"ml","type":"earthquake","title":"M 2.5 - 27 km NNW of Pāhala, Hawaii"},"geometry":{"type":"Point","coordinates":[-155.593994140625,19.4303340911865,40.689998626709]},"id":"hv75049762"},
{"type":"Feature","properties":{"mag":1.75,"place":"7 km NNE of Pāhala, Hawaii","time":1791133216230,"updated":1791133423200,"tz":null,"url":"https://earthquake.usgs.gov/earthquakes/eventpage/hv75049757","detail":"https://earthquake.usgs.gov/earthquakes/feed/v1.0/detail/hv75049757.geojson","felt":null,"cdi":null,"mmi":null,"alert":null,"status":"automatic","tsunami":0,"sig":47,"net":"hv","code":"75049757","ids":",hv75049757,","sources":",hv,","types":",origin,phase-data,","nst":25,"dmin":0.04772,"rms":0.129999995,"gap":132,"magType":"md","type":"earthquake","title":"M 1.8 - 7 km NNE of Pāhala, Hawaii"},"geometry":{"type":"Point","coordinates":[-155.440826416016,19.2621669769287,29.3500003814697]},"id":"hv75049757"},
{"type":"Feature","properties":{"mag":0.84,"place":"15 km NE of Little Lake, CA","time":1791132955200,"updated":1791137407990,"tz":null,"url":"https://earthquake.usgs.gov/earthquakes/eventpage/ci41343071","detail":"https://earthquake.usgs.gov/earthquakes/feed/v1.0/detail/ci41343071.geojson","felt":null,"cdi":null,"mmi":null,"alert":null,"status":"reviewed","tsunami":0,"sig":11,"net":"ci","code":"41343071","ids":",ci41343071,","sources":",ci,","types":",nearby-cities,origin,phase-data,","nst":22,"dmin":0.006541,"rms":0.17,"gap":51,"magType":"ml","type":"earthquake","title":"M 0.8 - 15 km NE of Little Lake, CA"},"geometry":{"type":"Point","coordinates":[-117.768833333333,36.0193333333333,1.49]},"id":"ci41343071"},
{"type":"Feature","properties":{"mag":2.52,"place":"36 km ESE of Mina, Nevada","time":1791132445790,"updated":1791138920040,"tz":null,"url":"https://earthquake.usgs.gov/earthquakes/eventpage/nn00925269","detail":"https://earthquake.usgs.gov/earthquakes/feed/v1.0/detail/nn00925269.geojson","felt":null,"cdi":null,"mmi":null,"alert":null,"status":"automatic","tsunami":0,"sig":98,"net":"nn","code":"00925269","ids":",us6000tzjt,nn00925269,","sources":",us,nn,","types":",origin,phase-data,","nst":44,"dmin":0.446,"rms":0.5274,"gap":58,"magType":"ml","type":"earthquake","title":"M 2.5 - 36 km ESE of Mina, Nevada"},"geometry":{"type":"Point","coordinates":[-117.7635,38.2097,4.1361]},"id":"nn00925269"}],"bbox":[-174.2679,-21.4208,-0.74,167.1484,65.994,248.906]}